block_num,block_class,trades,wins,win_rate,total_pnl,avg_std100,avg_range_10,avg_band_width,avg_abs_slope_10,avg_abs_slope_20,avg_band_width_change,avg_mean_slope_10
1.0,LOW,20,6,30.0,-1401.88,8.91519045,4.25875,13.372785350000001,0.14521875000002182,0.143571875000016,0.09776840918261173,0.09411874999997963
2.0,MEDIUM,20,8,40.0,15.520000000000039,5.6033923,3.83875,8.40508845,0.09121249999998327,0.08242499999999382,-0.35975101795744086,0.021300000000064757
3.0,MEDIUM,20,10,50.0,899.9999999999999,7.471019750000001,4.654999999999999,11.2065297,0.09465624999998909,0.09418437499998618,-0.5614723503512213,0.002481250000037106
4.0,MEDIUM,20,8,40.0,-34.85999999999993,8.92924335,4.64,13.3938649,0.12893124999996872,0.11478124999999637,0.059153416008100826,-0.0578937500000211
5.0,MEDIUM,20,8,40.0,205.31,9.1015941,5.3675,13.6523912,0.1471625000000131,0.15515312499998798,-1.2527901718471948,-0.046599999999962165
6.0,LOW,20,7,35.0,-634.19,8.7040697,4.8575,13.056104450000001,0.13935625000000074,0.14309062500001346,-0.6183340108125087,-0.04894375000001673
7.0,MEDIUM,20,8,40.0,-491.0,8.2776646,4.8725000000000005,12.416496800000001,0.12423749999998109,0.131953125,-0.7694479865374324,0.039037500000013096
8.0,MEDIUM,20,10,50.0,187.20999999999987,12.13183605,6.407500000000001,18.197754,0.20578750000000584,0.2129343749999953,-1.3544808288877745,-0.018499999999949068
9.0,MEDIUM,20,11,55.0,1440.1299999999999,11.7617683,6.04625,17.64265225,0.15101249999999708,0.1538343750000149,-1.082556601586191,0.10680000000000292
10.0,MEDIUM,20,10,50.0,1234.08,14.8774556,6.83,22.31618335,0.29915000000000874,0.31602500000000877,-1.6910560849603655,-0.15481250000004368
11.0,MEDIUM,20,8,40.0,-404.5900000000001,13.862649300000001,7.501250000000001,20.793974,0.2144999999999527,0.2543999999999687,-2.009912989800929,0.08228750000003857
12.0,LOW,20,7,35.0,-1310.2599999999998,11.62282735,6.23375,17.43424105,0.21663750000006984,0.21909999999998037,-0.5146015562361002,0.03868750000008731
13.0,MEDIUM,20,9,45.0,203.01,10.02888415,5.415,15.043326249999998,0.14579375000001166,0.13124687500000617,-0.14763630492199767,-0.01211875000004511
14.0,MEDIUM,20,8,40.0,-41.72,8.69228065,4.6537500000000005,13.0384209,0.15226874999998471,0.15433750000000146,-1.4380200340917455,-0.0038812500000312833
15.0,MEDIUM,20,10,50.0,925.06,16.30978065,7.078749999999999,24.4646709,0.1702874999999585,0.1615593749999789,-0.39791209314421333,-0.01880000000002838
16.0,LOW,20,5,25.0,-1624.04,12.06546625,5.80875,18.09819955,0.1948312500000793,0.17762812500000108,0.2984460762631792,0.02455625000004147
17.0,MEDIUM,20,10,50.0,1457.9,13.65899715,6.772499999999999,20.4884955,0.24801250000002256,0.25621249999997414,-1.27562574583112,0.05668750000002547
18.0,MEDIUM,20,11,55.0,574.5699999999999,6.4895734,4.5125,9.73436005,0.07892499999999927,0.10479374999998983,-0.5400946036932341,0.07066250000001674
19.0,MEDIUM,20,10,50.0,975.5699999999999,10.97828725,6.48625,16.46743085,0.17344374999998763,0.1787218749999829,-1.0631974672677589,0.08988125000001675
20.0,MEDIUM,20,11,55.0,812.2299999999999,10.38472355,6.26375,15.57708525,0.13739375000002838,0.16606249999998907,-0.6822382743535576,0.05985624999999345
21.0,LOW,20,6,30.0,-1074.1599999999999,9.7243826,5.59375,14.5865738,0.15766875000001163,0.17699687500000436,-1.2347549068552017,-0.011943749999991269
22.0,MEDIUM,20,9,45.0,29.369999999999948,8.98601795,5.71,13.479026999999999,0.10975625000000946,0.11906562500002109,-0.710154957452601,0.08150625000000218
23.0,MEDIUM,20,8,40.0,-270.26000000000005,13.902802500000002,6.90375,20.854203599999998,0.21106874999997674,0.2039343749999989,-2.2093551047850504,-0.07946875000001455
24.0,MEDIUM,20,11,55.0,1727.06,11.5075796,6.828749999999999,17.26136945,0.19851875000005748,0.1982375000000229,-1.3760447577565738,0.06739375000002838
25.0,MEDIUM,20,11,55.0,1774.3400000000001,8.82748335,5.1762500000000005,13.24122495,0.1309499999999389,0.1237249999999858,-1.1048816205845067,0.037162500000013095
26.0,LOW,20,6,30.0,-1508.42,13.28431445,6.52125,19.92647155,0.20991250000000944,0.19784687499998654,-0.7581752484732642,-0.06710000000000946
27.0,MEDIUM,20,9,45.0,-47.3599999999999,11.890343099999999,6.34375,17.8355146,0.18633749999999055,0.19939062500001453,-2.135579756023958,-0.058462500000041474
28.0,LOW,20,6,30.0,-1366.86,10.0039644,4.9087499999999995,15.005946549999999,0.15451875000004295,0.15347499999999853,-0.6768096839601353,0.08680625000002692
29.0,LOW,20,7,35.0,188.22,9.6637643,5.77125,14.495646400000002,0.14289374999996654,0.11881562500001563,-1.4597125194507286,-0.012968749999999996
30.0,LOW,20,4,20.0,-2252.61,10.6158079,5.8,15.923711700000002,0.1567500000000109,0.1989562500000102,-0.8522882792821921,-0.022625000000061846
31.0,MEDIUM,20,11,55.0,1997.81,13.328476649999999,6.39,19.992714799999998,0.20685000000001308,0.21730312500000765,-0.7043491994334729,-0.019637499999989823
32.0,MEDIUM,20,9,45.0,-803.2199999999998,21.61717645,12.26375,32.4257647,0.249674999999952,0.2524749999999767,0.20901739182225124,-0.13016250000000582
33.0,MEDIUM,20,9,45.0,327.93999999999994,21.287571449999998,13.12,31.931357050000003,0.32514999999999417,0.3295749999999771,-1.705160545430072,-0.19774999999994178
34.0,MEDIUM,20,10,50.0,1794.06,20.1793175,10.352500000000001,30.2689763,0.2690062500000022,0.22776562500000183,-0.2146682947089092,0.019781250000032745
35.0,LOW,20,7,35.0,-722.73,18.059567050000002,9.283750000000001,27.08935045,0.3185249999999905,0.31685312499997964,-1.7688115309515902,-0.08808750000001964
36.0,MEDIUM,20,11,55.0,935.81,14.427130349999999,8.19375,21.640695450000003,0.2602437499999905,0.27582499999998616,-0.6412048099582743,-0.012518749999999268
37.0,LOW,20,7,35.0,-1548.96,15.790283800000001,7.16625,23.6854257,0.2772812499999418,0.299446874999976,-1.5740286678844622,-0.07921875
38.0,LOW,20,6,30.0,-1878.78,18.68201225,8.627500000000001,28.02301825,0.31228125000001455,0.28703125000000906,-0.5568605774570046,0.1599312500000087
39.0,MEDIUM,20,10,50.0,362.69999999999993,12.27907635,7.938750000000001,18.41861455,0.13833749999999784,0.14943437500001894,-0.34332611638785276,-0.03356250000006185
40.0,LOW,20,7,35.0,-1625.14,16.395227249999998,9.14125,24.5928409,0.2367062499999702,0.23181249999997816,-0.9663128932760527,0.016806249999954163
41.0,HIGH,20,12,60.0,3901.87,17.162218799999998,7.99,25.743328150000004,0.1814812499999971,0.148228124999996,-0.3715069409683919,0.007331249999988357
42.0,LOW,20,7,35.0,-1193.54,16.6128623,9.12125,24.9192934,0.28288125000000947,0.27776875000001383,-1.7279089478689915,-0.04111875000004147
43.0,MEDIUM,20,8,40.0,922.31,21.38321685,11.466249999999999,32.074825149999995,0.3689812499999607,0.36490312499996436,-1.562556023121132,-0.05423124999997525
44.0,MEDIUM,20,9,45.0,184.85999999999996,19.4615488,11.79375,29.1923231,0.3089749999999731,0.31996562500002257,-0.38307394409783,-0.14917500000001382
45.0,MEDIUM,20,10,50.0,2733.69,24.95294685,11.817499999999999,37.4294203,0.40143124999998686,0.41551562499999817,-2.2787291864447288,0.06845625000005384
46.0,MEDIUM,20,9,45.0,856.78,20.5507036,10.615,30.8260556,0.18181250000001453,0.24976250000004258,-0.4277408122099603,-0.08457500000004074
47.0,LOW,20,7,35.0,-1434.1,18.5160449,8.7225,27.774067300000002,0.2711375000000408,0.25435000000001307,-0.5274897737181229,0.11950000000000727
48.0,MEDIUM,20,10,50.0,262.85,8.332628249999999,7.15375,12.4989425,0.11987500000004729,0.1409437500000058,-0.18206007544924807,0.08011249999997745
49.0,MEDIUM,20,11,55.0,887.6400000000001,8.24997205,5.17125,12.3749582,0.1593437499999709,0.16941250000000765,-1.3814302215524124,-0.012906249999978175
50.0,MEDIUM,20,10,50.0,1233.65,13.206837400000001,6.5375,19.81025615,0.20945624999998472,0.21975625000000948,-0.10540536031360297,0.01434374999998908
51.0,MEDIUM,20,9,45.0,180.05999999999995,10.8328381,5.91875,16.24925695,0.18473125000002255,0.19360625000001164,-1.8523282203100926,-0.0769562500000211
52.0,LOW,20,6,30.0,-1976.0700000000002,15.4689817,7.83625,23.2034726,0.2693125000000691,0.3065562500000124,-1.6950547462004217,-0.10197499999996582
53.0,MEDIUM,20,8,40.0,-493.58000000000004,14.68330555,7.7575,22.0249583,0.25011249999999563,0.2529312499999924,-1.4399166971304092,0.17190000000002328
54.0,LOW,20,4,20.0,-2806.28,14.11323715,6.65125,21.1698558,0.16295624999995198,0.17448749999999563,-0.42428417381825045,-0.04490624999998545
55.0,LOW,20,6,30.0,-1186.07,13.1328887,6.575,19.6993328,0.1807562500000313,0.17618124999999965,-0.6613534473057693,-0.0018687500000123744
56.0,LOW,20,4,20.0,-1924.1799999999998,7.51325925,4.8549999999999995,11.26988865,0.08988750000002256,0.11143124999999601,-0.5943561345187138,0.04562500000001819
57.0,MEDIUM,20,8,40.0,-87.11000000000001,11.20427055,5.6049999999999995,16.80640575,0.20056875000000218,0.21665937500002658,-0.5007982283243474,0.011468750000003641
58.0,MEDIUM,20,8,40.0,-105.52000000000004,10.49453245,5.5375,15.741798499999998,0.1466062499999498,0.15198437499997453,-0.3328036043901103,0.10283124999999926
59.0,MEDIUM,20,10,50.0,465.31999999999994,8.566762149999999,5.9662500000000005,12.8501433,0.07410625000002255,0.07681250000000546,-0.5614711716262174,-0.010656250000010914
60.0,MEDIUM,20,9,45.0,640.7,12.85024875,9.64875,19.27537325,0.09929374999999709,0.0930468750000091,0.3946040567800277,-0.008081249999995634
61.0,MEDIUM,20,11,55.0,3083.85,21.64433765,13.975,32.46650655,0.3261437500000284,0.3194218750000073,-2.9935379673220135,-0.0013687499999832653
62.0,MEDIUM,20,10,50.0,368.99999999999994,18.47144915,10.116249999999999,27.707173599999997,0.3494625000000451,0.3984687500000018,-1.8474805020424931,0.037812500000000006
63.0,MEDIUM,20,8,40.0,179.72999999999973,19.043384,7.6775,28.5650758,0.41486875000004153,0.4233093749999898,-1.9987005576010926,-0.05718125000001236
64.0,MEDIUM,20,9,45.0,55.68999999999997,11.7537409,8.036249999999999,17.6306113,0.19629999999995562,0.21308437499998037,-1.2087685884405517,-0.10412500000000365
65.0,MEDIUM,20,10,50.0,737.48,14.260220050000001,7.865,21.39032995,0.15334375000000364,0.17302812499999162,-0.6958270591833717,-0.10258125000002109
66.0,LOW,20,5,25.0,-2295.1,14.15361375,6.720000000000001,21.2304207,0.1467624999999862,0.16146875000000366,-0.46524279899409776,0.04771249999999781
67.0,MEDIUM,20,11,55.0,1626.05,12.8260129,7.4825,19.2390194,0.15433124999999565,0.156559374999988,-0.5045634404591992,0.027368750000023284
68.0,HIGH,20,12,60.0,3115.33,13.796560349999998,7.225,20.6948405,0.20308125000003202,0.2167531250000138,-0.6537821131252093,0.018093750000043655
69.0,LOW,20,7,35.0,-1127.29,13.3030072,7.86125,19.95451085,0.20511875000003785,0.2257531250000011,-0.9119095561556918,0.034806250000037835
70.0,MEDIUM,20,8,40.0,638.6000000000001,14.96935535,7.483750000000001,22.454033,0.247037500000024,0.2676468750000095,-1.5573624638209362,-0.04537500000000363
71.0,MEDIUM,20,9,45.0,184.99000000000018,16.301712900000002,8.6975,24.452569349999997,0.20475000000002183,0.19299999999998363,-0.948861635473996,0.015974999999998546
72.0,MEDIUM,20,9,45.0,-592.9000000000001,12.7918255,8.877500000000001,19.187738500000002,0.12793124999998326,0.11136875000001054,0.5528630085221107,0.03678125000000364
73.0,MEDIUM,20,9,45.0,416.31,12.4029487,5.8149999999999995,18.604423099999998,0.2555812500000138,0.2724531250000291,-1.197785383507704,-0.11451875000000655
74.0,MEDIUM,20,8,40.0,-1163.91,18.552069499999998,8.89375,27.8281043,0.29313124999998763,0.284846875000012,0.22832368910813478,-0.17065624999997456
75.0,MEDIUM,20,9,45.0,1116.31,17.04634465,10.54375,25.56951685,0.23209375000002183,0.22503750000002584,-0.7788885753138743,-0.09091874999994617
76.0,LOW,20,6,30.0,-2227.5299999999997,22.51440585,9.175,33.7716088,0.3617562500000531,0.3390062500000295,0.011646240472619418,-0.023818750000009457
77.0,LOW,20,7,35.0,-1896.22,19.97094705,10.98875,29.95642055,0.29503749999999856,0.2953218749999723,-0.7907121619231564,0.017275000000008728
78.0,LOW,20,7,35.0,-1973.6599999999999,15.2375053,7.859999999999999,22.85625765,0.20705000000003565,0.20683437500001672,-0.28949056634103715,0.07459999999997308
79.0,MEDIUM,20,9,45.0,599.5500000000001,11.8662516,7.35625,17.7993774,0.14806250000003274,0.14983750000001236,-0.6772210410000145,0.016849999999994907
80.0,HIGH,20,12,60.0,2980.48,12.0709289,6.029999999999999,18.1063933,0.22670625000002476,0.255790625000036,-1.3442685187143286,0.18949375000003782
81.0,MEDIUM,20,11,55.0,819.62,9.43042445,6.37,14.14563665,0.11283124999998109,0.1211999999999989,-0.04184149358274976,0.09418125000000145
82.0,LOW,20,7,35.0,-451.68,16.21940085,7.391249999999999,24.329101299999998,0.2504374999999891,0.24633749999999965,-0.9236085787535625,-0.03177500000003419
83.0,MEDIUM,20,9,45.0,511.6500000000001,12.069290800000001,7.102500000000001,18.103935999999997,0.2216687500000262,0.22761562499999854,-1.243905725020487,0.141106250000048
84.0,LOW,20,4,20.0,-3923.37,14.53928995,7.626250000000001,21.80893495,0.30001249999993884,0.2898624999999993,-0.49789269235535977,-0.18468749999996362
85.0,LOW,20,6,30.0,-2484.17,20.6196341,10.5,30.92945125,0.39148125000001527,0.45699999999998,-1.4249719581980564,0.10798124999999345
86.0,MEDIUM,20,9,45.0,1000.8399999999999,22.4937328,10.39875,33.740599350000004,0.23313750000004801,0.24189062500000547,-0.34255756222846384,0.04053750000002765
87.0,LOW,20,7,35.0,-1357.7800000000002,18.691384300000003,9.04375,28.0370764,0.23737500000002912,0.23273750000001198,-0.7142651529806635,-0.09792499999999564
88.0,LOW,20,7,35.0,-1461.2599999999998,25.0622036,9.7425,37.593305650000005,0.37953749999998765,0.3900999999999658,0.016500934748348683,-0.07713750000000799
89.0,MEDIUM,20,8,40.0,-615.41,20.4888741,10.16375,30.7333109,0.26849999999996726,0.27917187499997453,-0.3888599498339351,0.01113750000002255
90.0,LOW,20,7,35.0,-1226.2400000000002,22.967773349999998,10.6125,34.45166005,0.3200812500000757,0.31720625000001745,-0.08087289665955844,0.05258125000000291
91.0,MEDIUM,20,10,50.0,936.3000000000002,25.9570867,14.36375,38.93562995,0.35621875000000724,0.3343687499999851,-0.6748969444098039,-0.1647187500000291
92.0,MEDIUM,20,11,55.0,2437.35,15.804848250000001,13.4025,23.7072723,0.21041875000002622,0.20066562500000146,-0.24823331406068389,0.009318750000020373
93.0,MEDIUM,20,9,45.0,-712.6499999999999,19.49814965,13.785,29.2472246,0.230724999999984,0.2009031249999771,0.9983741890613766,0.05163749999992432
94.0,MEDIUM,20,11,55.0,3101.76,22.8900558,13.025,34.3350835,0.2772062500000175,0.279587500000016,-0.3193979745218309,-0.09075625000001311
95.0,MEDIUM,20,10,50.0,778.3500000000001,13.18499125,9.62375,19.77748695,0.2605062499999622,0.29059062499998617,-2.1534217987547466,-0.06608124999998835
96.0,HIGH,20,12,60.0,2737.3,16.54602545,12.12125,24.8190379,0.18369999999993525,0.2076562499999909,0.6326342648715718,-0.08481249999998908
97.0,HIGH,20,12,60.0,3261.2200000000003,22.1772116,12.25125,33.26581735,0.26876875000001743,0.2742468750000262,-0.09340205415708507,-0.0347187500000291
98.0,MEDIUM,20,11,55.0,2695.6,23.0397178,12.508750000000001,34.559576650000004,0.33303749999999127,0.2644531249999818,-0.026514240590351613,-0.03321250000000872
99.0,LOW,20,5,25.0,-2509.75,18.79341825,12.17375,28.1901275,0.2736187500000233,0.2812437499999942,-1.7264490847816703,-0.03474374999997963
100.0,HIGH,20,12,60.0,3705.72,26.9934546,14.977500000000001,40.4901818,0.29353750000003853,0.2888031249999858,-0.33351351706649285,-0.24762500000002546
101.0,MEDIUM,20,10,50.0,3508.89,29.755730949999997,16.134999999999998,44.63359645,0.42210625000003343,0.4574406250000448,-2.9173783797939263,-0.1637812500000291
102.0,HIGH,20,12,60.0,5195.06,26.4367236,15.135,39.6550853,0.30188125000002397,0.27259999999999307,-1.3649721046376626,-0.07970624999999927
103.0,HIGH,20,12,60.0,7641.71,34.353522149999996,15.8,51.530283350000005,0.4760499999999775,0.4126937500000077,-0.21138920076635442,-0.08428750000000947
104.0,LOW,20,5,25.0,-4982.9800000000005,28.34905215,16.0325,42.5235783,0.3641750000000138,0.39676875000001927,-0.9484209958594251,-0.08807499999997162
105.0,MEDIUM,20,10,50.0,1628.2099999999996,22.6676655,14.22375,34.00149825,0.3368187500000204,0.3884375000000091,-2.2276624980778426,0.16945625000000292
106.0,HIGH,20,12,60.0,5162.08,24.275558,12.35,36.413337,0.4652749999999469,0.49543749999998,-1.878354570902026,0.06577500000001238
107.0,MEDIUM,20,10,50.0,2473.9900000000002,19.386185,11.945,29.0792776,0.2259624999999505,0.23658750000001422,-2.5255934778996836,0.11389999999999419
108.0,MEDIUM,20,8,40.0,-327.82000000000005,10.34577595,7.09375,15.518664000000001,0.10133750000000874,0.10512499999998907,-0.03084580663661054,-0.015825000000004367
109.0,MEDIUM,20,8,40.0,-514.4700000000003,18.786127999999998,8.54375,28.1791921,0.3414249999999993,0.34142187499996907,0.07310048899690749,-0.20763749999996434
110.0,HIGH,20,16,80.0,6852.46,21.86385615,13.741249999999999,32.7957841,0.2756124999999702,0.26571250000001784,-2.908389402332881,-0.057200000000029824
111.0,LOW,20,5,25.0,-3211.48,16.82120935,8.21125,25.23181405,0.31871250000000145,0.3336156249999931,0.26386308879891374,0.15613750000000437
112.0,MEDIUM,20,8,40.0,-88.31000000000006,16.5384035,9.803749999999999,24.80760535,0.22088125000003855,0.22991562500001236,-1.990303350811614,0.05465624999991632
113.0,HIGH,20,12,60.0,2413.1099999999997,13.332584399999998,6.9799999999999995,19.9988764,0.18084999999999127,0.16259687499999015,-0.1037476649059708,-0.009512500000018917
114.0,MEDIUM,20,8,40.0,-497.42999999999995,16.005234050000002,8.1475,24.00785085,0.23465624999998907,0.20990937500000656,-0.5368678755477015,0.13594374999995126
115.0,LOW,20,7,35.0,-1748.21,15.607168949999998,9.0275,23.410753399999997,0.19736875000002327,0.2241312499999913,-1.2870790675734682,0.14530624999999417
116.0,MEDIUM,20,8,40.0,-748.48,12.819455049999998,8.678749999999999,19.229182299999998,0.18190624999997454,0.1863312499999847,-1.7282684626490905,0.10719374999998763
117.0,MEDIUM,20,9,45.0,398.9400000000001,13.069041350000001,7.885,19.603562099999998,0.26688125000002405,0.27969374999998764,-1.853802059468722,0.1318312500000138
118.0,LOW,20,6,30.0,-716.2499999999998,16.23544295,7.866249999999999,24.35316455,0.346506249999984,0.37243437500001164,-1.9035621083980352,0.1566562499999418
119.0,MEDIUM,20,10,50.0,1695.9699999999998,16.70482055,13.51875,25.0572309,0.2557062500000211,0.23940937499998655,-2.0501696396894826,-0.0643062500000633
120.0,MEDIUM,20,8,40.0,-85.54000000000002,16.0500083,8.70875,24.0750126,0.1727625000000262,0.19107500000002803,-0.5276374101801922,-0.04402500000003783
121.0,MEDIUM,20,8,40.0,1410.4399999999998,15.441176899999999,7.33125,23.16176525,0.25636249999997746,0.27788749999999707,-0.9664683820292431,-0.08522500000004583
122.0,MEDIUM,20,9,45.0,-741.6000000000001,14.4362647,7.255,21.65439705,0.2807875000000604,0.2935562500000105,-1.4679047745521878,0.052525000000005095
123.0,MEDIUM,20,9,45.0,-434.31999999999994,18.11374055,6.67375,27.170610899999996,0.39226874999993017,0.3568187499999658,0.1419984666637431,0.07498125000001891
124.0,LOW,20,6,30.0,-1231.5499999999997,13.67253245,6.865,20.50879865,0.2578249999999934,0.27006250000000365,-1.1543657103281846,-0.031162500000009464
125.0,MEDIUM,20,8,40.0,52.67999999999989,12.3103785,6.784999999999999,18.4655678,0.16970624999999928,0.15891562500000872,-1.7517237817190168,-0.020331249999999274
126.0,MEDIUM,20,10,50.0,392.71000000000004,10.28427105,6.608750000000001,15.4264068,0.12221875000001092,0.13426249999998618,-0.5019587550754319,0.010731249999935246
127.0,MEDIUM,20,10,50.0,-490.5799999999999,10.9447064,6.7075000000000005,16.4170597,0.10769375000001673,0.13790312499998436,-0.3987432011844363,-0.05855624999998327
128.0,HIGH,20,13,65.0,2541.76,11.09114275,7.53125,16.6367139,0.1866750000000502,0.16976562500001818,-1.7681473741961593,0.09420000000003712
129.0,MEDIUM,20,10,50.0,703.3299999999999,8.91609245,4.7,13.37413885,0.14124374999995779,0.13922500000001492,-0.38889203454513244,0.019281249999985445
130.0,MEDIUM,20,11,55.0,-111.91,11.732198200000001,6.2524999999999995,17.598297249999998,0.18527499999994687,0.19857812500000366,-1.3745195943334163,0.020737499999977444
131.0,MEDIUM,20,9,45.0,875.65,15.150011799999998,6.7525,22.725017450000003,0.2655875000000015,0.2574937499999942,-1.0390398713140576,0.009550000000017458
132.0,HIGH,20,12,60.0,20.09000000000006,22.17825645,10.07875,33.267384699999994,0.4567187500000182,0.4443312499999957,-0.42805651574014325,0.15881874999997309
133.0,LOW,20,4,20.0,-3806.63,17.839933600000002,8.522499999999999,26.75990035,0.30023124999996076,0.31399374999997237,0.7268708867793279,-0.1333562499999971
134.0,MEDIUM,20,8,40.0,1.580000000000041,20.6552288,9.965,30.982843250000002,0.22560000000003128,0.29950000000001636,-0.6849161347504111,-0.026200000000008005
