entry_bar,exit_bar,direction,entry_price,target_price,stop_price,target_offset,stop_offset,exit_type,pnl_points,pnl_dollar,close_at_exit,high_at_exit,low_at_exit,entry_date,entry_time,exit_date,exit_time,mean,stddev,innerTop,innerBot,outerTop,outerBot
26217,26222,short,25310.0,25295.5559,25317.2221,14.4441,7.2221,reversal,9.75,195.0,25300.25,25303.25,25296.5,10/10/2025,09:30:00.038000,10/10/2025,09:30:09.918004,25303.945,6.529,25310.474,25297.416,25317.0031,25290.8869
26222,26224,long,25300.25,25313.3081,25293.721,13.0581,6.529,stop,-6.529,-130.58,25297.0,25299.75,25293.5,10/10/2025,09:30:09.918004,10/10/2025,09:30:17.202004,25303.805,6.6237,25310.4287,25297.1813,25317.0524,25290.5576
26224,26228,long,25297.0,25310.2474,25290.3763,13.2474,6.6237,target,13.2474,264.95,25306.5,25312.5,25306.25,10/10/2025,09:30:17.202004,10/10/2025,09:30:32.529000,25304.465,6.3069,25310.7719,25298.1581,25317.0789,25291.8511
26228,26230,short,25306.5,25293.8861,25312.8069,12.6139,6.3069,stop,-6.3069,-126.14,25312.5,25313.75,25309.0,10/10/2025,09:30:32.529000,10/10/2025,09:30:36.975000,25304.92,6.3983,25311.3183,25298.5217,25317.7167,25292.1233
26230,26235,short,25312.5,25299.7033,25318.8983,12.7967,6.3983,stop,-6.3983,-127.97,25323.25,25323.25,25314.25,10/10/2025,09:30:36.975000,10/10/2025,09:30:59.633000,25307.015,6.425,25313.44,25300.59,25319.8651,25294.1649
26252,26285,short,25338.75,25310.2544,25352.9978,28.4956,14.2478,reversal,4.25,85.0,25334.5,25335.0,25327.0,10/10/2025,09:32:01.306000,10/10/2025,09:36:22.714000,25333.275,6.0271,25339.3021,25327.2479,25345.3291,25321.2209
26285,26286,long,25334.5,25346.5541,25328.4729,12.0541,6.0271,reversal,3.0,60.0,25337.5,25340.5,25334.5,10/10/2025,09:36:22.714000,10/10/2025,09:36:34.514004,25333.475,5.998,25339.473,25327.477,25345.4709,25321.4791
26286,26287,short,25337.5,25325.5041,25343.498,11.9959,5.998,stop,-5.998,-119.96,25343.5,25344.25,25334.5,10/10/2025,09:36:34.514004,10/10/2025,09:36:37.714001,25333.755,6.1312,25339.8862,25327.6238,25346.0173,25321.4927
26287,26293,short,25343.5,25331.2377,25349.6312,12.2623,6.1312,stop,-6.1312,-122.62,25353.5,25353.5,25347.75,10/10/2025,09:36:37.714001,10/10/2025,09:37:17.249000,25335.745,7.3606,25343.1056,25328.3844,25350.4662,25321.0238
26305,26338,short,25367.5,25339.1353,25381.6823,28.3647,14.1823,reversal,10.75,215.0,25356.75,25360.75,25354.5,10/10/2025,09:38:05.025002,10/10/2025,09:43:16.256000,25363.25,7.1897,25370.4397,25356.0603,25377.6295,25348.8705
26338,26342,long,25356.75,25371.1295,25349.5603,14.3795,7.1897,reversal,11.5,230.0,25368.25,25370.0,25365.5,10/10/2025,09:43:16.256000,10/10/2025,09:43:59.194001,25364.78,5.1794,25369.9594,25359.6006,25375.1389,25354.4211
26342,26348,short,25368.25,25357.8911,25373.4294,10.3589,5.1794,stop,-5.1794,-103.59,25375.5,25377.75,25372.25,10/10/2025,09:43:59.194001,10/10/2025,09:45:05.575002,25366.47,4.2786,25370.7486,25362.1914,25375.0272,25357.9128
26361,26366,short,25377.0,25361.5484,25384.7258,15.4516,7.7258,stop,-7.7258,-154.52,25385.5,25386.75,25381.25,10/10/2025,09:46:15.951003,10/10/2025,09:47:19.783000,25371.17,8.4181,25379.5881,25362.7519,25388.0061,25354.3339
26366,26377,short,25385.5,25368.6639,25393.9181,16.8361,8.4181,target,16.8361,336.72,25367.0,25371.0,25366.25,10/10/2025,09:47:19.783000,10/10/2025,09:49:27.579000,25373.675,8.1379,25381.8129,25365.5371,25389.9508,25357.3992
26378,26381,long,25363.75,25379.7889,25355.7306,16.0389,8.0194,stop,-8.0194,-160.39,25350.25,25359.75,25350.25,10/10/2025,09:49:34.384001,10/10/2025,09:49:47.650004,25373.525,8.5116,25382.0366,25365.0134,25390.5483,25356.5017
26392,26400,long,25344.25,25370.7636,25330.9932,26.5136,13.2568,stop,-13.2568,-265.14,25326.75,25335.0,25326.75,10/10/2025,09:50:38.298000,10/10/2025,09:51:28.023000,25364.205,17.9402,25382.1452,25346.2648,25400.0855,25328.3245
26401,26431,long,25329.75,25366.6746,25311.2877,36.9246,18.4623,reversal,17.25,345.0,25347.0,25347.25,25340.25,10/10/2025,09:51:30.030000,10/10/2025,09:56:34.086002,25339.83,6.8696,25346.6996,25332.9604,25353.5692,25326.0908
26431,26440,short,25347.0,25333.2608,25353.8696,13.7392,6.8696,stop,-6.8696,-137.39,25358.0,25358.0,25351.75,10/10/2025,09:56:34.086002,10/10/2025,09:58:28.678001,25339.89,7.0646,25346.9546,25332.8254,25354.0191,25325.7609
26448,26457,short,25360.75,25339.7949,25371.2276,20.9551,10.4776,target,20.9551,419.1,25338.0,25346.0,25337.5,10/10/2025,09:59:55.250027,10/10/2025,10:01:08.728001,25347.825,10.5381,25358.3631,25337.2869,25368.9011,25326.7489
26458,26461,long,25339.5,25360.6315,25328.9343,21.1315,10.5657,stop,-10.5657,-211.31,25326.0,25333.0,25326.0,10/10/2025,10:01:12.108000,10/10/2025,10:01:28.023000,25347.095,11.1981,25358.2931,25335.8969,25369.4912,25324.6988
26461,26462,long,25326.0,25348.3962,25314.8019,22.3962,11.1981,stop,-11.1981,-223.96,25316.0,25326.5,25312.0,10/10/2025,10:01:28.023000,10/10/2025,10:01:31.526001,25346.58,11.9958,25358.5758,25334.5842,25370.5715,25322.5885
26466,26498,long,25322.0,25350.2821,25307.859,28.2821,14.141,target,28.2821,565.64,25351.5,25351.75,25344.75,10/10/2025,10:01:39.409000,10/10/2025,10:07:39.881001,25336.64,12.7731,25349.4131,25323.8669,25362.1863,25311.0937
26498,26521,short,25351.5,25325.9537,25364.2731,25.5463,12.7731,reversal,21.5,430.0,25330.0,25336.75,25330.0,10/10/2025,10:07:39.881001,10/10/2025,10:13:22.294000,25340.9,7.5619,25348.4619,25333.3381,25356.0238,25325.7762
26521,26532,long,25330.0,25345.1238,25322.4381,15.1238,7.5619,stop,-7.5619,-151.24,25323.0,25327.5,25321.0,10/10/2025,10:13:22.294000,10/10/2025,10:15:39.662006,25339.415,8.9316,25348.3466,25330.4834,25357.2783,25321.5517
26542,26563,long,25311.25,25339.3218,25297.2141,28.0718,14.0359,reversal,25.25,505.0,25336.5,25337.75,25329.75,10/10/2025,10:16:41.940000,10/10/2025,10:20:36.490000,25323.655,12.5958,25336.2508,25311.0592,25348.8466,25298.4634
26563,26583,short,25336.5,25311.3084,25349.0958,25.1916,12.5958,stop,-12.5958,-251.92,25349.25,25349.25,25343.5,10/10/2025,10:20:36.490000,10/10/2025,10:25:24.927000,25324.875,12.64,25337.515,25312.235,25350.1551,25299.5949
26583,26612,short,25349.25,25323.9699,25361.89,25.2801,12.64,reversal,11.0,220.0,25338.25,25344.75,25335.0,10/10/2025,10:25:24.927000,10/10/2025,10:31:20.313005,25340.95,5.8481,25346.7981,25335.1019,25352.6462,25329.2538
26612,26619,long,25338.25,25349.9462,25332.4019,11.6962,5.8481,stop,-5.8481,-116.96,25339.0,25340.25,25332.25,10/10/2025,10:31:20.313005,10/10/2025,10:33:45.406002,25341.215,5.723,25346.938,25335.492,25352.661,25329.769
26619,26624,long,25339.0,25350.446,25333.277,11.446,5.723,stop,-5.723,-114.46,25331.75,25337.25,25331.0,10/10/2025,10:33:45.406002,10/10/2025,10:36:06.763000,25341.335,5.6289,25346.9639,25335.7061,25352.5927,25330.0773
26624,26626,long,25331.75,25343.0077,25326.1211,11.2577,5.6289,stop,-5.6289,-112.58,25323.25,25326.5,25322.75,10/10/2025,10:36:06.763000,10/10/2025,10:36:34.668000,25340.93,6.3889,25347.3189,25334.5411,25353.7077,25328.1523
26631,26636,long,25333.75,25349.6697,25325.7901,15.9197,7.9599,reversal,4.0,80.0,25337.75,25346.25,25337.5,10/10/2025,10:37:04.239000,10/10/2025,10:37:57.315009,25338.78,7.462,25346.242,25331.318,25353.704,25323.856
26636,26638,short,25337.75,25322.826,25345.212,14.924,7.462,reversal,5.25,105.0,25332.5,25334.25,25327.75,10/10/2025,10:37:57.315009,10/10/2025,10:38:21.465001,25338.14,7.2688,25345.4088,25330.8712,25352.6776,25323.6024
26638,26643,long,25332.5,25347.0376,25325.2312,14.5376,7.2688,stop,-7.2688,-145.38,25323.75,25327.0,25322.25,10/10/2025,10:38:21.465001,10/10/2025,10:40:28.312001,25336.38,6.8085,25343.1885,25329.5715,25349.997,25322.763
26644,26647,long,25327.0,25340.2302,25320.3849,13.2302,6.6151,stop,-6.6151,-132.3,25322.0,25323.5,25319.25,10/10/2025,10:40:35.263005,10/10/2025,10:41:18.013003,25334.705,6.8556,25341.5606,25327.8494,25348.4162,25320.9938
26650,26657,long,25321.75,25336.6365,25314.3067,14.8865,7.4433,target,14.8865,297.73,25338.0,25338.0,25331.75,10/10/2025,10:41:52.001000,10/10/2025,10:44:05.157003,25332.175,7.9218,25340.0968,25324.2532,25348.0187,25316.3313
26658,26669,short,25339.75,25324.1168,25347.5666,15.6332,7.8166,stop,-7.8166,-156.33,25350.0,25350.0,25345.5,10/10/2025,10:44:14.142004,10/10/2025,10:47:43.603000,25332.78,8.4752,25341.2552,25324.3048,25349.7304,25315.8296
26675,26692,short,25352.5,25331.3394,25363.0803,21.1606,10.5803,target,21.1606,423.21,25333.0,25334.5,25330.0,10/10/2025,10:48:37.978001,10/10/2025,10:53:34.278000,25338.67,10.8684,25349.5384,25327.8016,25360.4067,25316.9333
26703,26704,long,25330.0,25344.2089,25322.8955,14.2089,7.1045,stop,-7.1045,-142.09,25318.5,25329.75,25318.5,10/10/2025,10:57:53.147005,10/10/2025,10:57:53.308088,25342.135,7.556,25349.691,25334.579,25357.247,25327.023
26726,26739,long,25267.75,25328.4037,25237.4231,60.6537,30.3269,stop,-30.3269,-606.54,25237.0,25247.25,25234.0,10/10/2025,10:58:01.364006,10/10/2025,10:58:11.517000,25294.645,33.6026,25328.2476,25261.0424,25361.8503,25227.4397
26739,26743,long,25237.0,25304.2053,25203.3974,67.2053,33.6026,stop,-33.6026,-672.05,25214.25,25221.25,25202.5,10/10/2025,10:58:11.517000,10/10/2025,10:58:14.485000,25285.66,36.6018,25322.2618,25249.0582,25358.8635,25212.4565
26749,26770,long,25211.25,25290.888,25171.431,79.638,39.819,stop,-39.819,-796.38,25174.75,25180.0,25168.75,10/10/2025,10:58:21.603002,10/10/2025,10:59:02.765000,25233.66,25.5157,25259.1757,25208.1443,25284.6913,25182.6287
26781,26809,long,25149.75,25221.0985,25114.0758,71.3485,35.6742,stop,-35.6742,-713.48,25112.25,25121.5,25108.0,10/10/2025,10:59:21.455000,10/10/2025,11:00:22.184001,25171.135,31.7061,25202.8411,25139.4289,25234.5472,25107.7228
26809,26816,long,25112.25,25175.6622,25080.5439,63.4122,31.7061,stop,-31.7061,-634.12,25076.0,25089.25,25074.75,10/10/2025,11:00:22.184001,10/10/2025,11:00:36.728001,25152.795,31.9458,25184.7408,25120.8492,25216.6867,25088.9033
26819,26826,long,25111.5,25177.7711,25078.3644,66.2711,33.1356,stop,-33.1356,-662.71,25071.25,25092.25,25070.75,10/10/2025,11:00:41.666000,10/10/2025,11:01:00.118008,25137.46,35.7555,25173.2155,25101.7045,25208.9711,25065.9489
26826,26853,long,25071.25,25142.7611,25035.4945,71.5111,35.7555,stop,-35.7555,-715.11,25038.25,25053.25,25035.0,10/10/2025,11:01:00.118008,10/10/2025,11:02:18.644004,25088.485,23.4381,25111.9231,25065.0469,25135.3613,25041.6087
26863,26876,long,25029.5,25082.2891,25003.1055,52.7891,26.3945,target,52.7891,1055.78,25084.25,25085.75,25062.5,10/10/2025,11:02:41.902000,10/10/2025,11:03:15.039000,25054.46,26.8555,25081.3155,25027.6045,25108.1709,25000.7491
26876,26896,short,25084.25,25030.5391,25111.1055,53.7109,26.8555,target,53.7109,1074.22,25030.25,25040.0,25023.0,10/10/2025,11:03:15.039000,10/10/2025,11:04:15.089001,25046.47,20.3938,25066.8638,25026.0762,25087.2577,25005.6823
26896,26898,long,25030.25,25071.0377,25009.8562,40.7877,20.3938,stop,-20.3938,-407.88,25000.0,25030.0,25000.0,10/10/2025,11:04:15.089001,10/10/2025,11:04:20.856002,25044.265,20.9301,25065.1951,25023.3349,25086.1252,25002.4048
26901,26923,long,25013.5,25058.4796,24991.0102,44.9796,22.4898,target,44.9796,899.59,25067.0,25067.25,25040.75,10/10/2025,11:04:26.063000,10/10/2025,11:05:42.456000,25042.16,23.7428,25065.9028,25018.4172,25089.6456,24994.6744
26923,26941,short,25067.0,25019.5144,25090.7428,47.4856,23.7428,stop,-23.7428,-474.86,25098.25,25100.0,25073.5,10/10/2025,11:05:42.456000,10/10/2025,11:06:46.738003,25041.83,23.8811,25065.7111,25017.9489,25089.5922,24994.0678
26943,26951,short,25080.0,25029.7847,25105.1076,50.2153,25.1076,target,50.2153,1004.31,25027.0,25042.5,25022.75,10/10/2025,11:06:52.146000,10/10/2025,11:07:18.132001,25047.055,22.7912,25069.8462,25024.2638,25092.6375,25001.4725
26951,26975,long,25027.0,25072.5825,25004.2088,45.5825,22.7912,stop,-22.7912,-455.82,25000.0,25015.0,25000.0,10/10/2025,11:07:18.132001,10/10/2025,11:08:56.954000,25043.865,23.3145,25067.1795,25020.5505,25090.4941,24997.2359
26975,26994,long,25000.0,25046.6291,24976.6855,46.6291,23.3145,reversal,31.5,630.0,25031.5,25040.0,25029.0,10/10/2025,11:08:56.954000,10/10/2025,11:10:09.747000,25020.44,17.6708,25038.1108,25002.7692,25055.7817,24985.0983
26994,26998,short,25031.5,24996.1583,25049.1708,35.3417,17.6708,stop,-17.6708,-353.42,25050.25,25057.25,25044.0,10/10/2025,11:10:09.747000,10/10/2025,11:10:26.114000,25019.63,16.4805,25036.1105,25003.1495,25052.5911,24986.6689
27002,27006,short,25042.25,25005.1782,25060.7859,37.0718,18.5359,stop,-18.5359,-370.72,25064.5,25067.0,25052.5,10/10/2025,11:10:40.883026,10/10/2025,11:10:54.169000,25023.195,20.6822,25043.8772,25002.5128,25064.5594,24981.8306
27013,27025,short,25084.0,25023.8941,25114.053,60.1059,30.053,target,60.1059,1202.12,25024.0,25036.25,25021.75,10/10/2025,11:11:19.520001,10/10/2025,11:12:17.848000,25038.96,30.679,25069.639,25008.281,25100.3181,24977.6019
27038,27055,short,25072.75,25027.3206,25095.4647,45.4294,22.7147,reversal,17.5,350.0,25055.25,25058.0,25043.25,10/10/2025,11:13:34.532001,10/10/2025,11:15:30.832000,25061.37,16.9286,25078.2986,25044.4414,25095.2272,25027.5128
27055,27063,long,25055.25,25089.1072,25038.3214,33.8572,16.9286,stop,-16.9286,-338.57,25032.75,25047.25,25030.25,10/10/2025,11:15:30.832000,10/10/2025,11:16:19.234001,25057.025,14.6408,25071.6658,25042.3842,25086.3066,25027.7434
27063,27067,long,25032.75,25062.0316,25018.1092,29.2816,14.6408,stop,-14.6408,-292.82,25020.25,25034.75,25018.0,10/10/2025,11:16:19.234001,10/10/2025,11:16:44.024000,25053.91,16.5236,25070.4336,25037.3864,25086.9572,25020.8628
27077,27082,long,25011.5,25058.7166,24987.8917,47.2166,23.6083,stop,-23.6083,-472.17,24983.5,24991.0,24981.0,10/10/2025,11:17:44.588000,10/10/2025,11:18:07.376000,25042.715,28.4277,25071.1427,25014.2873,25099.5704,24985.8596
27093,27130,long,24947.75,25028.1434,24907.5533,80.3934,40.1967,stop,-40.1967,-803.93,24905.0,24915.5,24904.0,10/10/2025,11:18:43.261001,10/10/2025,11:20:55.927000,24942.955,19.4724,24962.4274,24923.4826,24981.8998,24904.0102
27140,27148,long,24888.75,24935.503,24865.3735,46.753,23.3765,stop,-23.3765,-467.53,24870.0,24873.25,24861.0,10/10/2025,11:21:24.330001,10/10/2025,11:21:54.375002,24917.555,26.97,24944.525,24890.585,24971.4951,24863.6149
27149,27183,long,24869.75,24925.1584,24842.0458,55.4084,27.7042,stop,-27.7042,-554.08,24837.5,24847.5,24837.5,10/10/2025,11:21:55.734000,10/10/2025,11:24:07.353000,24875.12,13.0193,24888.1393,24862.1007,24901.1587,24849.0813
27186,27190,long,24855.5,24883.8275,24841.3362,28.3275,14.1638,stop,-14.1638,-283.28,24840.0,24853.75,24838.75,10/10/2025,11:24:16.464000,10/10/2025,11:24:34.489000,24870.505,15.1048,24885.6098,24855.4002,24900.7145,24840.2955
27198,27201,long,24847.5,24886.8158,24827.8421,39.3158,19.6579,stop,-19.6579,-393.16,24817.75,24836.75,24815.75,10/10/2025,11:25:00.918000,10/10/2025,11:25:10.766003,24859.11,20.8198,24879.9298,24838.2902,24900.7495,24817.4705
27204,27229,long,24819.75,24865.8947,24796.6777,46.1447,23.0723,reversal,37.25,745.0,24857.0,24857.5,24840.0,10/10/2025,11:25:21.703001,10/10/2025,11:27:06.049001,24832.405,15.2713,24847.6763,24817.1337,24862.9476,24801.8624
27229,27233,short,24857.0,24826.4574,24872.2713,30.5426,15.2713,stop,-15.2713,-305.43,24872.5,24872.5,24865.75,10/10/2025,11:27:06.049001,10/10/2025,11:27:21.098001,24833.075,16.1624,24849.2374,24816.9126,24865.3998,24800.7502
27243,27258,short,24872.0,24819.6856,24898.1572,52.3144,26.1572,target,52.3144,1046.29,24817.25,24831.0,24814.25,10/10/2025,11:27:57.609000,10/10/2025,11:29:03.347000,24850.275,25.5735,24875.8485,24824.7015,24901.4221,24799.1279
27258,27274,long,24817.25,24868.3971,24791.6765,51.1471,25.5735,stop,-25.5735,-511.47,24790.0,24804.75,24788.0,10/10/2025,11:29:03.347000,10/10/2025,11:30:03.407000,24849.375,26.3757,24875.7507,24822.9993,24902.1263,24796.6237
27277,27285,long,24791.0,24850.0694,24761.4653,59.0694,29.5347,stop,-29.5347,-590.69,24753.25,24763.25,24753.25,10/10/2025,11:30:06.794001,10/10/2025,11:30:26.337000,24832.775,38.3624,24871.1374,24794.4126,24909.4998,24756.0502
27286,27322,long,24763.5,24841.8174,24724.3413,78.3174,39.1587,stop,-39.1587,-783.17,24721.0,24734.0,24721.0,10/10/2025,11:30:28.502000,10/10/2025,11:32:21.740001,24763.795,18.2985,24782.0935,24745.4965,24800.392,24727.198
27335,27353,long,24712.25,24762.7252,24687.0124,50.4752,25.2376,stop,-25.2376,-504.75,24683.25,24691.75,24682.25,10/10/2025,11:33:04.241000,10/10/2025,11:34:10.783001,24729.23,26.6966,24755.9266,24702.5334,24782.6231,24675.8369
27353,27367,long,24683.25,24736.6431,24656.5534,53.3931,26.6966,reversal,38.25,765.0,24721.5,24730.75,24718.75,10/10/2025,11:34:10.783001,10/10/2025,11:34:57.088000,24711.165,18.2905,24729.4555,24692.8745,24747.7461,24674.5839
27367,27368,short,24721.5,24684.9189,24739.7905,36.5811,18.2905,stop,-18.2905,-365.81,24742.25,24742.25,24720.75,10/10/2025,11:34:57.088000,10/10/2025,11:35:00.454000,24710.94,17.8318,24728.7718,24693.1082,24746.6036,24675.2764
27368,27372,short,24742.25,24706.5864,24760.0818,35.6636,17.8318,stop,-17.8318,-356.64,24759.75,24760.75,24749.25,10/10/2025,11:35:00.454000,10/10/2025,11:35:14.010000,24712.035,19.5638,24731.5988,24692.4712,24751.1626,24672.9074
27378,27402,short,24751.0,24701.9161,24775.542,49.0839,24.542,stop,-24.542,-490.84,24774.25,24776.5,24760.25,10/10/2025,11:35:39.535000,10/10/2025,11:37:23.773000,24738.825,29.605,24768.43,24709.22,24798.035,24679.615
27402,27419,short,24774.25,24715.04,24803.855,59.21,29.605,reversal,21.0,420.0,24753.25,24774.5,24747.25,10/10/2025,11:37:23.773000,10/10/2025,11:38:32.523001,24763.02,12.0325,24775.0525,24750.9875,24787.0851,24738.9549
27419,27420,long,24753.25,24777.3151,24741.2175,24.0651,12.0325,stop,-12.0325,-240.65,24745.5,24753.5,24738.0,10/10/2025,11:38:32.523001,10/10/2025,11:38:35.986001,24763.085,11.9285,24775.0135,24751.1565,24786.942,24739.228
27424,27433,long,24737.75,24764.1416,24724.5542,26.3916,13.1958,stop,-13.1958,-263.92,24723.5,24740.25,24723.5,10/10/2025,11:38:51.983005,10/10/2025,11:39:42.134000,24759.155,16.1774,24775.3324,24742.9776,24791.5099,24726.8001
27446,27450,long,24721.0,24778.565,24692.2175,57.565,28.7825,stop,-28.7825,-575.65,24701.25,24708.5,24690.5,10/10/2025,11:40:34.653004,10/10/2025,11:40:46.045028,24741.69,29.8621,24771.5521,24711.8279,24801.4142,24681.9658
27450,27464,long,24701.25,24760.9742,24671.3879,59.7242,29.8621,reversal,41.75,835.0,24743.0,24752.5,24740.0,10/10/2025,11:40:46.045028,10/10/2025,11:41:59.074002,24727.335,22.4378,24749.7728,24704.8972,24772.2107,24682.4593
27464,27469,short,24743.0,24698.1243,24765.4378,44.8757,22.4378,stop,-22.4378,-448.76,24768.75,24769.25,24750.75,10/10/2025,11:41:59.074002,10/10/2025,11:42:29.607000,24725.445,19.7083,24745.1533,24705.7367,24764.8617,24686.0283
27471,27472,short,24755.0,24714.1694,24775.4153,40.8306,20.4153,stop,-20.4153,-408.31,24775.75,24776.75,24753.75,10/10/2025,11:42:34.871001,10/10/2025,11:42:38.128000,24726.77,21.5159,24748.2859,24705.2541,24769.8017,24683.7383
27477,27492,short,24781.0,24727.4535,24807.7732,53.5465,26.7732,stop,-26.7732,-535.46,24804.5,24810.0,24804.0,10/10/2025,11:42:53.999020,10/10/2025,11:44:14.390005,24752.155,35.2364,24787.3914,24716.9186,24822.6278,24681.6822
27492,27499,short,24804.5,24734.0272,24839.7364,70.4728,35.2364,stop,-35.2364,-704.73,24831.5,24841.5,24831.0,10/10/2025,11:44:14.390005,10/10/2025,11:44:35.549000,24768.555,37.4084,24805.9634,24731.1466,24843.3718,24693.7382
27499,27508,short,24831.5,24756.6832,24868.9084,74.8168,37.4084,stop,-37.4084,-748.17,24870.25,24870.25,24854.0,10/10/2025,11:44:35.549000,10/10/2025,11:45:00.675000,24793.805,38.0147,24831.8197,24755.7903,24869.8345,24717.7755
27511,27542,short,24872.0,24792.3801,24911.8099,79.6199,39.8099,reversal,31.75,635.0,24840.25,24852.25,24837.5,10/10/2025,11:45:09.287003,10/10/2025,11:47:07.787014,24863.76,21.2176,24884.9776,24842.5424,24906.1951,24821.3249
27542,27552,long,24840.25,24882.6851,24819.0324,42.4351,21.2176,stop,-21.2176,-424.35,24816.75,24828.0,24811.5,10/10/2025,11:47:07.787014,10/10/2025,11:48:00.790000,24865.255,18.9197,24884.1747,24846.3353,24903.0945,24827.4155
27557,27585,long,24825.5,24871.985,24802.2575,46.485,23.2425,reversal,33.25,665.0,24858.75,24860.0,24844.25,10/10/2025,11:48:24.315000,10/10/2025,11:50:49.507004,24842.8,14.2837,24857.0837,24828.5163,24871.3675,24814.2325
27585,27588,short,24858.75,24830.1825,24873.0337,28.5675,14.2837,stop,-14.2837,-285.67,24873.0,24875.0,24861.5,10/10/2025,11:50:49.507004,10/10/2025,11:51:04.470000,24842.375,13.4324,24855.8074,24828.9426,24869.2399,24815.5101
27596,27624,short,24877.25,24833.2114,24899.2693,44.0386,22.0193,reversal,28.75,575.0,24848.5,24867.25,24847.0,10/10/2025,11:51:35.622000,10/10/2025,11:54:06.105004,24866.845,15.5485,24882.3935,24851.2965,24897.9419,24835.7481
27624,27629,long,24848.5,24879.5969,24832.9515,31.0969,15.5485,target,31.0969,621.94,24882.0,24883.5,24863.5,10/10/2025,11:54:06.105004,10/10/2025,11:54:37.875001,24868.62,14.1269,24882.7469,24854.4931,24896.8739,24840.3661
27629,27633,short,24882.0,24853.7461,24896.1269,28.2539,14.1269,target,28.2539,565.08,24848.75,24860.0,24845.75,10/10/2025,11:54:37.875001,10/10/2025,11:55:02.238002,24869.605,13.3234,24882.9284,24856.2816,24896.2518,24842.9582
27633,27634,long,24848.75,24875.3968,24835.4266,26.6468,13.3234,stop,-13.3234,-266.47,24831.25,24848.5,24830.25,10/10/2025,11:55:02.238002,10/10/2025,11:55:08.499000,24869.12,14.238,24883.358,24854.882,24897.596,24840.644
27640,27645,long,24836.25,24874.3236,24817.2132,38.0736,19.0368,stop,-19.0368,-380.74,24810.0,24831.25,24809.75,10/10/2025,11:55:37.182001,10/10/2025,11:56:11.504030,24857.47,18.8522,24876.3222,24838.6178,24895.1743,24819.7657
27654,27676,long,24797.0,24852.7683,24769.1159,55.7683,27.8841,reversal,32.75,655.0,24829.75,24843.25,24829.75,10/10/2025,11:56:46.806002,10/10/2025,11:59:00.484000,24816.08,26.9691,24843.0491,24789.1109,24870.0182,24762.1418
27676,27692,short,24829.75,24775.8118,24856.7191,53.9382,26.9691,reversal,37.0,740.0,24792.75,24796.5,24788.0,10/10/2025,11:59:00.484000,10/10/2025,12:00:34.393000,24804.09,15.9962,24820.0862,24788.0938,24836.0825,24772.0975
27692,27711,long,24792.75,24824.7425,24776.7538,31.9925,15.9962,stop,-15.9962,-319.92,24778.5,24785.75,24776.25,10/10/2025,12:00:34.393000,10/10/2025,12:02:53.216002,24801.35,15.9668,24817.3168,24785.3832,24833.2837,24769.4163
27711,27714,long,24778.5,24810.4337,24762.5332,31.9337,15.9668,stop,-15.9668,-319.34,24763.0,24767.25,24759.75,10/10/2025,12:02:53.216002,10/10/2025,12:03:04.439018,24800.675,17.0595,24817.7345,24783.6155,24834.7941,24766.5559
27717,27723,long,24779.0,24814.1514,24761.4243,35.1514,17.5757,stop,-17.5757,-351.51,24757.75,24768.25,24756.75,10/10/2025,12:03:18.823001,10/10/2025,12:04:00.055003,24795.88,18.739,24814.619,24777.141,24833.358,24758.402
27727,27734,long,24781.75,24817.4818,24763.8841,35.7318,17.8659,reversal,25.25,505.0,24807.0,24807.0,24795.0,10/10/2025,12:04:25.745000,10/10/2025,12:05:15.106000,24786.49,14.9886,24801.4786,24771.5014,24816.4672,24756.5128
27734,27746,short,24807.0,24777.0228,24821.9886,29.9772,14.9886,target,29.9772,599.54,24777.5,24789.5,24775.5,10/10/2025,12:05:15.106000,10/10/2025,12:06:30.929006,24786.77,16.1607,24802.9307,24770.6093,24819.0913,24754.4487
27747,27755,long,24766.25,24798.7006,24750.0247,32.4506,16.2253,target,32.4506,649.01,24786.0,24800.0,24785.0,10/10/2025,12:06:40.084004,10/10/2025,12:07:44.420000,24783.04,16.3808,24799.4208,24766.6592,24815.8016,24750.2784
27755,27758,short,24786.0,24753.2384,24802.3808,32.7616,16.3808,stop,-16.3808,-327.62,24802.5,24802.5,24783.0,10/10/2025,12:07:44.420000,10/10/2025,12:08:13.144001,24782.655,16.0361,24798.6911,24766.6189,24814.7272,24750.5828
27758,27773,short,24802.5,24770.4278,24818.5361,32.0722,16.0361,reversal,25.0,500.0,24777.5,24781.0,24771.5,10/10/2025,12:08:13.144001,10/10/2025,12:10:20.542003,24789.29,16.1443,24805.4343,24773.1457,24821.5786,24757.0014
27773,27776,long,24777.5,24809.7886,24761.3557,32.2886,16.1443,stop,-16.1443,-322.89,24761.5,24774.0,24759.25,10/10/2025,12:10:20.542003,10/10/2025,12:10:47.786000,24789.91,15.1612,24805.0712,24774.7488,24820.2324,24759.5876
27777,27782,long,24761.75,24793.0057,24746.1221,31.2557,15.6279,target,31.2557,625.11,24793.5,24793.5,24778.75,10/10/2025,12:10:58.039000,10/10/2025,12:11:29.315000,24788.655,16.2074,24804.8624,24772.4476,24821.0698,24756.2402
27786,27791,short,24802.25,24770.4447,24818.1527,31.8053,15.9027,stop,-15.9027,-318.05,24817.75,24819.5,24812.0,10/10/2025,12:11:46.886000,10/10/2025,12:12:12.429000,24788.205,16.0419,24804.2469,24772.1631,24820.2887,24756.1213
27791,27821,short,24817.75,24785.6663,24833.7919,32.0837,16.0419,target,32.0837,641.67,24787.0,24792.75,24782.75,10/10/2025,12:12:12.429000,10/10/2025,12:16:28.628000,24799.175,17.8938,24817.0688,24781.2812,24834.9626,24763.3874
27822,27832,long,24776.75,24812.4863,24758.8819,35.7363,17.8681,stop,-17.8681,-357.36,24758.5,24766.5,24755.25,10/10/2025,12:16:38.530000,10/10/2025,12:18:04.929002,24798.83,18.1394,24816.9694,24780.6906,24835.1087,24762.5513
27834,27838,long,24768.25,24806.3835,24749.1833,38.1335,19.0667,stop,-19.0667,-381.33,24757.25,24758.25,24744.25,10/10/2025,12:18:23.638000,10/10/2025,12:19:05.685001,24794.075,21.8154,24815.8904,24772.2596,24837.7059,24750.4441
27839,27862,long,24757.25,24801.9595,24734.8952,44.7095,22.3548,reversal,34.5,690.0,24791.75,24796.75,24789.25,10/10/2025,12:19:07.025000,10/10/2025,12:22:28.580000,24776.65,16.2942,24792.9442,24760.3558,24809.2385,24744.0615
27862,27866,short,24791.75,24759.1615,24808.0442,32.5885,16.2942,stop,-16.2942,-325.88,24809.25,24809.75,24793.0,10/10/2025,12:22:28.580000,10/10/2025,12:23:02.698003,24775.85,15.1836,24791.0336,24760.6664,24806.2173,24745.4827
27877,27902,short,24825.75,24769.4765,24853.8868,56.2735,28.1368,reversal,31.0,620.0,24794.75,24794.75,24784.75,10/10/2025,12:24:03.796005,10/10/2025,12:28:49.171001,24806.6,21.4671,24828.0671,24785.1329,24849.5341,24763.6659
27902,27921,long,24794.75,24837.6841,24773.2829,42.9341,21.4671,reversal,35.0,700.0,24829.75,24829.75,24818.25,10/10/2025,12:28:49.171001,10/10/2025,12:32:02.364000,24810.845,15.3575,24826.2025,24795.4875,24841.56,24780.13
27921,27932,short,24829.75,24799.035,24845.1075,30.715,15.3575,target,30.715,614.3,24798.5,24812.0,24798.5,10/10/2025,12:32:02.364000,10/10/2025,12:34:02.063000,24808.31,12.0943,24820.4043,24796.2157,24832.4985,24784.1215
27933,27940,long,24786.5,24811.2956,24774.1022,24.7956,12.3978,stop,-12.3978,-247.96,24770.5,24777.25,24770.25,10/10/2025,12:34:08.255001,10/10/2025,12:34:46.117000,24804.275,15.3245,24819.5995,24788.9505,24834.924,24773.626
27948,27996,long,24766.5,24807.0104,24746.2448,40.5104,20.2552,stop,-20.2552,-405.1,24744.5,24753.0,24744.5,10/10/2025,12:35:30.408000,10/10/2025,12:43:07.210000,24776.885,12.968,24789.853,24763.917,24802.8209,24750.9491
28006,28034,long,24732.0,24773.9991,24711.0004,41.9991,20.9996,stop,-20.9996,-419.99,24707.25,24718.25,24707.25,10/10/2025,12:44:11.280000,10/10/2025,12:48:06.948000,24740.36,15.5427,24755.9027,24724.8173,24771.4454,24709.2746
28042,28052,long,24702.25,24734.1568,24686.2966,31.9068,15.9534,stop,-15.9534,-319.07,24680.0,24691.5,24679.75,10/10/2025,12:48:46.954001,10/10/2025,12:50:18.355014,24720.885,18.9903,24739.8753,24701.8947,24758.8657,24682.9043
28056,28078,long,24682.5,24725.6763,24660.9119,43.1763,21.5881,stop,-21.5881,-431.76,24662.75,24666.0,24660.25,10/10/2025,12:50:47.585003,10/10/2025,12:54:03.166025,24691.625,16.3509,24707.9759,24675.2741,24724.3267,24658.9233
28078,28114,long,24662.75,24695.4517,24646.3991,32.7017,16.3509,stop,-16.3509,-327.02,24639.75,24650.0,24639.75,10/10/2025,12:54:03.166025,10/10/2025,13:00:04.158002,24671.475,12.4882,24683.9632,24658.9868,24696.4514,24646.4986
28116,28122,long,24659.5,24684.9904,24646.7548,25.4904,12.7452,stop,-12.7452,-254.9,24639.75,24656.0,24639.75,10/10/2025,13:00:12.383006,10/10/2025,13:01:10.611002,24668.69,13.3409,24682.0309,24655.3491,24695.3717,24642.0083
28124,28125,long,24655.0,24682.3188,24641.3406,27.3188,13.6594,stop,-13.6594,-273.19,24644.0,24656.25,24638.75,10/10/2025,13:01:22.141001,10/10/2025,13:01:35.802000,24667.205,14.0553,24681.2603,24653.1497,24695.3156,24639.0944
28126,28128,long,24651.25,24679.713,24637.0185,28.463,14.2315,stop,-14.2315,-284.63,24637.5,24642.25,24636.25,10/10/2025,13:01:50.516001,10/10/2025,13:02:28.481004,24665.945,15.2465,24681.1915,24650.6985,24696.438,24635.452
28128,28133,long,24637.5,24667.993,24622.2535,30.493,15.2465,stop,-15.2465,-304.93,24626.0,24627.25,24620.0,10/10/2025,13:02:28.481004,10/10/2025,13:03:03.728000,24661.145,18.4878,24679.6328,24642.6572,24698.1207,24624.1693
28135,28166,long,24624.75,24662.648,24605.801,37.898,18.949,stop,-18.949,-378.98,24606.25,24616.0,24604.0,10/10/2025,13:03:18.028001,10/10/2025,13:09:17.054000,24630.615,15.2677,24645.8827,24615.3473,24661.1504,24600.0796
28166,28176,long,24606.25,24636.7854,24590.9823,30.5354,15.2677,target,30.5354,610.71,24640.0,24640.75,24629.25,10/10/2025,13:09:17.054000,10/10/2025,13:11:30.507000,24622.95,7.7799,24630.7299,24615.1701,24638.5099,24607.3901
28185,28194,short,24646.5,24617.5289,24660.9855,28.9711,14.4855,target,28.9711,579.42,24616.25,24623.75,24616.25,10/10/2025,13:12:14.558007,10/10/2025,13:13:53.979000,24629.65,15.9028,24645.5528,24613.7472,24661.4555,24597.8445
28195,28206,long,24613.25,24645.3848,24597.1826,32.1348,16.0674,target,32.1348,642.7,24640.0,24646.0,24635.5,10/10/2025,13:14:01.085004,10/10/2025,13:15:21.950000,24629.7,16.2138,24645.9138,24613.4862,24662.1276,24597.2724
28206,28211,short,24640.0,24607.5724,24656.2138,32.4276,16.2138,stop,-16.2138,-324.28,24651.0,24658.25,24647.0,10/10/2025,13:15:21.950000,10/10/2025,13:16:03.050000,24632.07,16.8115,24648.8815,24615.2585,24665.6929,24598.4471
28211,28218,short,24651.0,24617.3771,24667.8115,33.6229,16.8115,stop,-16.8115,-336.23,24667.0,24669.5,24660.75,10/10/2025,13:16:03.050000,10/10/2025,13:17:33.293004,24638.645,17.3594,24656.0044,24621.2856,24673.3637,24603.9263
28218,28233,short,24667.0,24632.2813,24684.3594,34.7187,17.3594,target,34.7187,694.37,24632.5,24641.75,24631.0,10/10/2025,13:17:33.293004,10/10/2025,13:20:14.502002,24643.85,16.6007,24660.4507,24627.2493,24677.0514,24610.6486
28236,28244,long,24624.5,24658.1073,24607.6964,33.6073,16.8036,target,33.6073,672.15,24654.5,24658.25,24648.75,10/10/2025,13:20:33.787000,10/10/2025,13:22:00.123000,24643.48,16.4269,24659.9069,24627.0531,24676.3337,24610.6263
28246,28251,short,24668.75,24637.6538,24684.2981,31.0962,15.5481,stop,-15.5481,-310.96,24684.75,24685.5,24678.75,10/10/2025,13:22:17.285001,10/10/2025,13:23:10.391000,24651.37,15.2884,24666.6584,24636.0816,24681.9468,24620.7932
28256,28273,short,24680.75,24648.2517,24696.9992,32.4983,16.2492,stop,-16.2492,-324.98,24696.0,24698.0,24691.0,10/10/2025,13:24:02.685001,10/10/2025,13:27:32.767000,24663.215,19.5798,24682.7948,24643.6352,24702.3745,24624.0555
28273,28280,short,24696.0,24656.8405,24715.5798,39.1595,19.5798,stop,-19.5798,-391.6,24710.75,24716.75,24709.75,10/10/2025,13:27:32.767000,10/10/2025,13:28:23.941001,24670.735,23.2546,24693.9896,24647.4804,24717.2443,24624.2257
28280,28318,short,24710.75,24664.2407,24734.0046,46.5093,23.2546,stop,-23.2546,-465.09,24734.5,24735.0,24730.5,10/10/2025,13:28:23.941001,10/10/2025,13:34:03.573000,24708.38,11.1335,24719.5135,24697.2465,24730.6471,24686.1129
28325,28337,short,24735.25,24711.6117,24747.0691,23.6383,11.8191,stop,-11.8191,-236.38,24749.0,24750.5,24744.0,10/10/2025,13:35:16.238000,10/10/2025,13:37:17.305008,24720.79,13.907,24734.697,24706.883,24748.6039,24692.9761
28339,28348,short,24748.5,24720.8542,24762.3229,27.6458,13.8229,target,27.6458,552.92,24713.75,24729.75,24712.75,10/10/2025,13:37:26.931000,10/10/2025,13:39:10.904009,24725.81,14.5097,24740.3197,24711.3003,24754.8294,24696.7906
28349,28361,long,24711.0,24739.8588,24696.5706,28.8588,14.4294,target,28.8588,577.18,24736.25,24740.5,24735.0,10/10/2025,13:39:14.519000,10/10/2025,13:41:13.167001,24730.62,10.312,24740.932,24720.308,24751.2441,24709.9959
28362,28366,short,24736.25,24716.3688,24746.1906,19.8812,9.9406,reversal,16.25,325.0,24720.0,24731.75,24719.0,10/10/2025,13:41:38.367017,10/10/2025,13:42:33.775000,24732.12,9.272,24741.392,24722.848,24750.6641,24713.5759
28366,28376,long,24720.0,24738.5441,24710.728,18.5441,9.272,stop,-9.272,-185.44,24707.25,24714.0,24706.0,10/10/2025,13:42:33.775000,10/10/2025,13:44:52.619023,24729.67,10.5906,24740.2606,24719.0794,24750.8512,24708.4888
28378,28383,long,24709.5,24731.7289,24698.3856,22.2289,11.1144,stop,-11.1144,-222.29,24697.25,24707.75,24697.25,10/10/2025,13:45:05.541000,10/10/2025,13:46:10.042000,24726.385,12.925,24739.31,24713.46,24752.235,24700.535
28395,28432,long,24685.0,24730.4014,24662.2993,45.4014,22.7007,stop,-22.7007,-454.01,24671.75,24671.75,24662.0,10/10/2025,13:47:09.564000,10/10/2025,13:52:46.545001,24687.065,12.9312,24699.9962,24674.1338,24712.9275,24661.2025
28432,28437,long,24671.75,24697.6125,24658.8188,25.8625,12.9312,stop,-12.9312,-258.62,24659.25,24666.5,24657.5,10/10/2025,13:52:46.545001,10/10/2025,13:54:10.961000,24685.395,14.1145,24699.5095,24671.2805,24713.6241,24657.1659
28437,28474,long,24659.25,24687.4791,24645.1355,28.2291,14.1145,stop,-14.1145,-282.29,24647.5,24652.25,24644.0,10/10/2025,13:54:10.961000,10/10/2025,14:02:16.613001,24665.32,10.2445,24675.5645,24655.0755,24685.809,24644.831
28475,28478,long,24658.75,24678.7533,24648.7484,20.0033,10.0016,stop,-10.0016,-200.03,24648.0,24660.25,24647.75,10/10/2025,14:02:31.111005,10/10/2025,14:02:56.831001,24663.59,9.8995,24673.4895,24653.6905,24683.3889,24643.7911
28478,28489,long,24648.0,24667.7989,24638.1005,19.7989,9.8995,target,19.7989,395.98,24671.5,24672.25,24651.0,10/10/2025,14:02:56.831001,10/10/2025,14:06:00.280004,24661.005,10.618,24671.623,24650.387,24682.2409,24639.7691
28489,28491,short,24671.5,24650.2641,24682.118,21.2359,10.618,stop,-10.618,-212.36,24678.5,24682.75,24666.75,10/10/2025,14:06:00.280004,10/10/2025,14:06:26.113003,24661.655,10.8788,24672.5338,24650.7762,24683.4125,24639.8975
28491,28493,short,24678.5,24656.7425,24689.3788,21.7575,10.8788,target,21.7575,435.15,24660.0,24663.5,24655.75,10/10/2025,14:06:26.113003,10/10/2025,14:06:51.449000,24661.155,10.5815,24671.7365,24650.5735,24682.3179,24639.9921
28496,28503,short,24677.5,24656.7319,24687.8841,20.7681,10.3841,target,20.7681,415.36,24655.5,24670.5,24653.75,10/10/2025,14:07:41.243000,10/10/2025,14:09:23.346000,24663.3,11.3264,24674.6264,24651.9736,24685.9528,24640.6472
28507,28509,short,24680.0,24657.2604,24691.3698,22.7396,11.3698,target,22.7396,454.79,24659.75,24671.0,24656.0,10/10/2025,14:10:41.037000,10/10/2025,14:11:13.437001,24662.935,11.1616,24674.0966,24651.7734,24685.2583,24640.6117
28511,28516,long,24656.0,24677.731,24645.1345,21.731,10.8655,reversal,13.5,270.0,24669.5,24675.25,24666.0,10/10/2025,14:11:42.288000,10/10/2025,14:13:37.728011,24661.535,9.9866,24671.5216,24651.5484,24681.5082,24641.5618
28516,28517,short,24669.5,24649.5268,24679.4866,19.9732,9.9866,stop,-9.9866,-199.73,24679.5,24679.75,24667.5,10/10/2025,14:13:37.728011,10/10/2025,14:13:51.358001,24662.11,10.175,24672.285,24651.935,24682.46,24641.76
28517,28519,short,24679.5,24659.15,24689.675,20.35,10.175,stop,-10.175,-203.5,24689.25,24691.5,24682.75,10/10/2025,14:13:51.358001,10/10/2025,14:14:36.098002,24663.425,11.3037,24674.7287,24652.1213,24686.0324,24640.8176
28529,28533,short,24694.25,24663.4163,24709.6668,30.8337,15.4168,target,30.8337,616.67,24665.0,24670.5,24661.75,10/10/2025,14:17:16.114000,10/10/2025,14:18:07.942005,24674.08,14.1995,24688.2795,24659.8805,24702.479,24645.681
28535,28540,long,24660.25,24688.5053,24646.1224,28.2553,14.1276,target,28.2553,565.11,24690.75,24690.75,24669.0,10/10/2025,14:18:36.113000,10/10/2025,14:19:58.354001,24675.29,13.5736,24688.8636,24661.7164,24702.4373,24648.1427
28540,28544,short,24690.75,24663.6027,24704.3236,27.1473,13.5736,stop,-13.5736,-271.47,24704.0,24705.0,24693.5,10/10/2025,14:19:58.354001,10/10/2025,14:20:44.861000,24677.335,13.9901,24691.3251,24663.3449,24705.3153,24649.3547
28544,28553,short,24704.0,24676.0197,24717.9901,27.9803,13.9901,stop,-13.9901,-279.8,24717.25,24718.5,24710.0,10/10/2025,14:20:44.861000,10/10/2025,14:22:41.524005,24683.06,17.1331,24700.1931,24665.9269,24717.3262,24648.7938
28554,28574,short,24709.75,24675.0712,24727.0894,34.6788,17.3394,reversal,28.5,570.0,24681.25,24688.5,24677.25,10/10/2025,14:22:56.597000,10/10/2025,14:29:02.551000,24693.885,15.2305,24709.1155,24678.6545,24724.346,24663.424
28574,28576,long,24681.25,24711.711,24666.0195,30.461,15.2305,stop,-15.2305,-304.61,24669.5,24674.0,24665.75,10/10/2025,14:29:02.551000,10/10/2025,14:29:30.860000,24692.885,15.812,24708.697,24677.073,24724.5089,24661.2611
28576,28594,long,24669.5,24701.1239,24653.688,31.6239,15.812,stop,-15.812,-316.24,24655.0,24663.5,24652.75,10/10/2025,14:29:30.860000,10/10/2025,14:34:26.005000,24689.525,17.4904,24707.0154,24672.0346,24724.5057,24654.5443
28599,28623,long,24647.5,24688.3952,24627.0524,40.8952,20.4476,stop,-20.4476,-408.95,24631.5,24631.5,24621.5,10/10/2025,14:36:00.047006,10/10/2025,14:44:54.666091,24658.16,13.3421,24671.5021,24644.8179,24684.8442,24631.4758
28626,28638,long,24639.75,24667.4819,24625.884,27.7319,13.866,stop,-13.866,-277.32,24623.75,24631.25,24623.5,10/10/2025,14:45:11.037006,10/10/2025,14:48:05.958041,24648.59,11.3498,24659.9398,24637.2402,24671.2895,24625.8905
28646,28661,long,24616.25,24644.805,24601.9725,28.555,14.2775,stop,-14.2775,-285.55,24599.0,24602.0,24596.0,10/10/2025,14:49:23.451010,10/10/2025,14:52:27.199050,24627.41,17.0714,24644.4814,24610.3386,24661.5528,24593.2672
28661,28667,long,24599.0,24633.1428,24581.9286,34.1428,17.0714,stop,-17.0714,-341.43,24578.75,24586.5,24578.0,10/10/2025,14:52:27.199050,10/10/2025,14:53:09.189001,24620.325,19.0526,24639.3776,24601.2724,24658.4303,24582.2197
28671,28704,long,24579.75,24621.5193,24558.8654,41.7693,20.8846,reversal,30.5,610.0,24610.25,24610.75,24598.25,10/10/2025,14:53:32.022000,10/10/2025,15:00:02.814000,24590.535,10.3385,24600.8735,24580.1965,24611.212,24569.858
28704,28706,short,24610.25,24589.573,24620.5885,20.677,10.3385,stop,-10.3385,-206.77,24618.25,24620.75,24616.5,10/10/2025,15:00:02.814000,10/10/2025,15:00:14.656003,24590.775,10.8621,24601.6371,24579.9129,24612.4992,24569.0508
28714,28744,short,24609.5,24578.007,24625.2465,31.493,15.7465,reversal,11.25,225.0,24598.25,24606.75,24596.0,10/10/2025,15:01:07.049001,10/10/2025,15:09:02.295002,24608.865,11.9669,24620.8319,24596.8981,24632.7987,24584.9313
28744,28751,long,24598.25,24622.1837,24586.2831,23.9337,11.9669,stop,-11.9669,-239.34,24588.5,24593.0,24585.75,10/10/2025,15:09:02.295002,10/10/2025,15:11:15.175000,24609.655,10.6494,24620.3044,24599.0056,24630.9538,24588.3562
28762,28792,long,24570.0,24609.2711,24550.3644,39.2711,19.6356,reversal,18.25,365.0,24588.25,24588.75,24576.75,10/10/2025,15:12:53.746001,10/10/2025,15:19:58.704000,24577.55,11.0971,24588.6471,24566.4529,24599.7441,24555.3559
28792,28799,short,24588.25,24566.0559,24599.3471,22.1941,11.0971,target,22.1941,443.88,24565.5,24570.25,24560.5,10/10/2025,15:19:58.704000,10/10/2025,15:21:51.761000,24574.455,8.5339,24582.9889,24565.9211,24591.5227,24557.3873
28799,28800,long,24565.5,24582.5677,24556.9661,17.0677,8.5339,stop,-8.5339,-170.68,24556.0,24567.0,24556.0,10/10/2025,15:21:51.761000,10/10/2025,15:22:04.511008,24573.75,8.5732,24582.3232,24565.1768,24590.8964,24556.6036
28802,28804,long,24562.0,24579.3723,24553.3138,17.3723,8.6862,stop,-8.6862,-173.72,24560.5,24560.5,24553.25,10/10/2025,15:22:39.388000,10/10/2025,15:23:16.891000,24572.37,9.1154,24581.4854,24563.2546,24590.6008,24554.1392
28805,28809,long,24559.5,24577.9945,24550.2528,18.4945,9.2472,stop,-9.2472,-184.94,24555.5,24555.5,24549.25,10/10/2025,15:23:36.764035,10/10/2025,15:24:46.366002,24572.095,9.492,24581.587,24562.603,24591.0789,24553.1111
28810,28816,long,24562.75,24581.569,24553.3405,18.819,9.4095,stop,-9.4095,-188.19,24550.5,24556.0,24550.0,10/10/2025,15:25:00.570000,10/10/2025,15:26:21.222000,24570.34,10.4235,24580.7635,24559.9165,24591.187,24549.493
28816,28820,long,24550.5,24571.347,24540.0765,20.847,10.4235,stop,-10.4235,-208.47,24540.25,24548.0,24538.0,10/10/2025,15:26:21.222000,10/10/2025,15:27:16.023001,24568.385,12.1834,24580.5684,24556.2016,24592.7518,24544.0182
28833,28864,long,24520.75,24561.1916,24500.5292,40.4416,20.2208,stop,-20.2208,-404.42,24500.5,24509.75,24500.25,10/10/2025,15:29:02.047000,10/10/2025,15:35:14.057001,24528.495,13.0475,24541.5425,24515.4475,24554.5899,24502.4001
28876,28881,long,24492.75,24527.5854,24475.3323,34.8354,17.4177,stop,-17.4177,-348.35,24475.5,24481.5,24474.25,10/10/2025,15:36:50.737002,10/10/2025,15:37:46.756000,24512.715,20.3442,24533.0592,24492.3708,24553.4035,24472.0265
28881,28890,long,24475.5,24516.1885,24455.1558,40.6885,20.3442,stop,-20.3442,-406.88,24450.75,24456.5,24450.0,10/10/2025,15:37:46.756000,10/10/2025,15:38:51.904000,24500.885,24.8723,24525.7573,24476.0127,24550.6297,24451.1403
28892,28911,long,24456.25,24506.7414,24431.0043,50.4914,25.2457,reversal,38.5,770.0,24494.75,24495.75,24487.75,10/10/2025,15:39:02.205000,10/10/2025,15:40:45.573001,24477.64,16.5323,24494.1723,24461.1077,24510.7047,24444.5753
28911,28919,short,24494.75,24461.6853,24511.2823,33.0647,16.5323,stop,-16.5323,-330.65,24511.25,24513.75,24505.0,10/10/2025,15:40:45.573001,10/10/2025,15:41:44.386005,24477.475,16.4295,24493.9045,24461.0455,24510.334,24444.616
28923,28937,short,24505.75,24468.6735,24524.2883,37.0765,18.5383,stop,-18.5383,-370.77,24523.5,24526.75,24520.0,10/10/2025,15:42:03.884001,10/10/2025,15:44:20.061000,24487.54,22.4318,24509.9718,24465.1082,24532.4036,24442.6764
28937,28943,short,24523.5,24478.6364,24545.9318,44.8636,22.4318,stop,-22.4318,-448.64,24546.25,24548.75,24538.25,10/10/2025,15:44:20.061000,10/10/2025,15:45:00.290006,24497.235,23.7744,24521.0094,24473.4606,24544.7838,24449.6862
