agg_bar,close,high,low,choppiness
0,24818.25,24818.25,24814.25,NaN
1,24818.75,24820.00,24815.75,NaN
2,24818.50,24821.00,24817.50,0.021277
3,24824.00,24825.00,24818.50,0.368421
4,24821.50,24825.50,24819.25,0.184615
5,24826.50,24827.75,24821.75,0.133333
6,24827.50,24829.00,24825.25,0.375000
7,24825.75,24827.75,24824.00,0.055556
8,24826.50,24829.25,24824.25,0.080000
9,24821.00,24826.50,24819.50,0.301587
10,24825.75,24827.00,24818.75,0.037037
11,24823.75,24827.25,24821.00,0.127907
12,24826.00,24826.75,24822.00,0.012987
13,24829.00,24830.00,24825.75,0.344262
14,24830.75,24832.50,24828.50,0.365385
15,24829.75,24833.00,24827.75,0.055556
16,24827.25,24830.25,24826.50,0.269231
17,24831.00,24831.25,24824.75,0.080645
18,24834.00,24834.00,24830.50,0.490909
19,24836.75,24836.75,24833.25,0.425926
20,24840.25,24840.25,24834.00,0.471698
21,24837.00,24841.00,24836.50,0.017544
22,24837.25,24839.00,24834.00,0.190476
23,24836.00,24840.00,24835.75,0.072727
24,24837.25,24842.50,24836.00,0.000000
25,24833.75,24838.25,24832.00,0.132353
26,24838.25,24838.50,24831.75,0.051282
27,24841.75,24843.75,24837.75,0.421053
28,24836.75,24842.50,24836.75,0.081081
29,24841.25,24841.25,24835.50,0.028571
30,24840.50,24842.50,24839.25,0.254237
31,24840.75,24841.75,24837.25,0.037037
32,24844.25,24844.25,24840.50,0.326087
33,24848.50,24848.50,24843.00,0.563636
34,24849.00,24850.50,24847.00,0.372549
35,24850.25,24850.25,24846.25,0.134615
36,24848.00,24850.50,24846.50,0.086957
37,24847.50,24849.50,24844.25,0.207547
38,24849.25,24849.25,24843.75,0.084746
39,24849.25,24851.50,24847.00,0.114754
40,24849.25,24850.75,24848.00,0.000000
41,24851.75,24851.75,24847.75,0.222222
42,24853.50,24854.00,24849.75,0.386364
43,24852.25,24854.75,24850.75,0.040816
44,24855.00,24855.00,24852.25,0.136364
45,24855.75,24856.25,24853.75,0.378378
46,24853.50,24856.25,24853.00,0.176471
47,24851.00,24856.25,24850.50,0.413043
48,24851.00,24852.75,24848.75,0.192308
49,24847.00,24852.25,24846.50,0.258065
50,24848.50,24849.00,24845.50,0.188679
51,24850.00,24850.50,24845.25,0.206897
52,24851.75,24853.00,24849.75,0.270833
53,24853.00,24856.00,24851.25,0.226415
54,24850.25,24854.25,24849.50,0.117647
55,24850.50,24853.25,24849.75,0.192308
56,24850.00,24851.75,24848.75,0.022222
57,24848.50,24851.50,24847.25,0.186047
58,24846.75,24851.75,24846.75,0.265306
59,24843.25,24849.00,24843.00,0.344262
60,24841.00,24844.50,24840.25,0.377049
61,24841.75,24843.75,24840.75,0.113208
62,24840.75,24844.00,24838.50,0.019608
63,24840.50,24842.00,24838.50,0.104167
64,24838.25,24841.00,24836.50,0.185185
65,24838.00,24839.50,24836.75,0.232558
66,24841.25,24843.75,24838.00,0.230769
67,24840.75,24841.75,24837.50,0.215686
68,24836.75,24841.25,24834.75,0.272727
69,24836.75,24837.50,24833.50,0.271186
70,24837.25,24838.00,24833.75,0.033898
71,24839.00,24839.00,24835.50,0.191489
72,24844.50,24844.50,24838.25,0.517857
73,24845.75,24847.00,24844.00,0.529412
74,24848.75,24849.50,24845.25,0.314815
75,24850.50,24851.25,24846.50,0.395833
76,24848.75,24850.50,24847.50,0.000000
77,24844.50,24849.50,24842.75,0.413793
78,24847.50,24847.50,24842.50,0.084746
79,24852.75,24852.75,24845.75,0.440000
80,24853.75,24854.50,24852.50,0.446429
81,24854.75,24856.75,24853.50,0.163265
82,24854.50,24856.75,24854.25,0.096774
83,24852.00,24854.75,24849.50,0.250000
84,24854.00,24854.75,24851.00,0.043478
85,24849.75,24854.25,24849.25,0.160714
86,24846.00,24851.50,24846.00,0.561404
87,24846.00,24847.75,24844.75,0.277778
88,24842.75,24847.25,24842.25,0.240741
89,24839.25,24843.75,24839.25,0.540000
90,24836.75,24839.75,24836.25,0.461538
91,24835.00,24837.50,24834.75,0.395349
92,24833.00,24836.75,24832.75,0.365854
93,24832.75,24833.50,24830.50,0.230769
94,24833.25,24834.25,24830.25,0.022727
95,24835.00,24835.50,24831.75,0.209302
96,24833.00,24835.50,24832.25,0.022727
97,24831.00,24833.25,24829.25,0.363636
98,24830.25,24832.50,24830.25,0.289474
99,24832.50,24835.50,24829.00,0.117647
100,24830.50,24837.25,24830.00,0.015625
101,24833.25,24835.00,24829.00,0.037975
102,24831.25,24833.75,24828.25,0.040000
103,24828.25,24832.00,24827.25,0.307692
104,24832.00,24833.75,24826.75,0.043478
105,24826.75,24833.00,24825.75,0.078947
106,24824.50,24828.25,24823.75,0.400000
107,24825.25,24825.50,24822.75,0.103448
108,24827.25,24829.50,24824.00,0.215686
109,24823.50,24828.00,24822.50,0.127273
110,24823.00,24824.50,24821.50,0.303571
111,24831.00,24831.00,24821.75,0.422535
112,24831.00,24832.25,24829.50,0.533333
113,24830.75,24833.00,24828.50,0.015152
114,24832.00,24834.50,24829.25,0.080000
115,24831.75,24835.00,24831.25,0.074074
116,24838.00,24838.75,24832.25,0.387097
117,24839.75,24839.75,24836.00,0.571429
118,24842.50,24844.25,24839.75,0.305085
119,24844.75,24844.75,24840.75,0.408163
120,24839.75,24845.50,24839.75,0.192982
121,24839.00,24843.75,24838.50,0.383333
122,24839.75,24841.00,24835.75,0.000000
123,24841.50,24845.25,24839.75,0.156250
124,24842.25,24844.00,24838.75,0.156250
125,24843.25,24845.00,24842.00,0.127273
126,24846.50,24849.00,24843.00,0.298246
127,24845.00,24847.50,24844.00,0.140000
128,24848.00,24848.00,24845.00,0.120000
129,24847.50,24848.75,24845.25,0.250000
130,24848.50,24849.50,24847.50,0.058824
131,24844.50,24849.25,24843.50,0.266667
132,24850.00,24850.75,24844.50,0.107143
133,24852.00,24854.00,24849.75,0.461538
134,24852.50,24854.25,24851.00,0.181818
135,24848.25,24853.00,24847.00,0.277778
136,24841.25,24848.25,24841.25,0.692308
137,24841.75,24845.25,24841.00,0.376812
138,24849.75,24850.25,24841.00,0.414634
139,24845.25,24850.00,24844.00,0.179487
140,24848.25,24848.25,24842.25,0.070588
141,24851.25,24852.50,24847.75,0.358209
142,24850.75,24854.00,24850.25,0.172414
143,24851.00,24852.00,24847.75,0.019608
144,24842.75,24851.25,24841.00,0.438356
145,24851.00,24852.00,24842.00,0.000000
146,24855.50,24855.50,24850.75,0.510000
147,24858.00,24858.75,24854.75,0.373333
148,24857.50,24859.50,24857.00,0.177778
149,24855.75,24858.00,24854.75,0.230769
150,24854.50,24855.25,24851.50,0.315789
151,24859.50,24860.00,24854.00,0.288462
152,24860.50,24860.75,24857.25,0.452830
153,24863.25,24863.25,24858.75,0.267857
154,24864.50,24865.25,24863.25,0.400000
155,24861.25,24864.50,24860.75,0.195122
156,24859.50,24862.75,24858.25,0.487805
157,24855.75,24860.25,24855.75,0.431373
158,24857.25,24859.75,24855.50,0.169811
159,24860.25,24860.75,24857.00,0.360000
160,24860.00,24861.50,24855.25,0.192982
161,24862.50,24864.00,24859.00,0.150000
162,24860.25,24862.75,24859.00,0.016667
163,24858.75,24863.00,24858.25,0.277778
164,24860.00,24861.75,24857.25,0.019231
165,24862.00,24862.25,24857.75,0.236364
166,24865.50,24866.00,24861.75,0.415094
167,24865.25,24867.25,24863.75,0.265306
168,24860.75,24867.00,24860.75,0.339286
169,24866.25,24866.25,24859.25,0.059701
170,24868.50,24869.50,24866.00,0.462687
171,24867.50,24869.50,24867.00,0.096154
172,24866.00,24867.75,24864.25,0.263158
173,24865.50,24866.75,24862.50,0.195122
174,24868.25,24869.75,24865.25,0.183673
175,24863.00,24868.50,24862.50,0.169492
176,24868.00,24868.25,24862.75,0.015625
177,24870.00,24871.00,24866.00,0.424242
178,24872.00,24872.75,24868.00,0.262295
179,24873.00,24874.50,24871.75,0.240000
180,24875.00,24875.00,24871.50,0.272727
181,24874.25,24875.75,24873.75,0.151515
182,24878.00,24878.25,24874.00,0.307692
183,24878.75,24879.00,24876.75,0.529412
184,24877.50,24880.50,24877.25,0.051282
185,24880.25,24880.25,24876.75,0.166667
186,24880.25,24880.50,24877.75,0.289474
187,24874.75,24880.25,24874.25,0.448980
188,24872.50,24875.75,24872.50,0.645833
189,24870.75,24873.25,24869.25,0.301887
190,24868.00,24870.75,24867.50,0.428571
191,24863.25,24868.00,24860.25,0.500000
192,24867.50,24868.25,24862.75,0.030303
193,24867.25,24869.50,24865.50,0.231884
194,24865.75,24870.00,24865.00,0.120690
195,24863.75,24870.25,24863.50,0.222222
196,24861.50,24865.00,24861.25,0.274194
197,24861.50,24862.25,24860.50,0.183673
198,24859.00,24863.00,24858.25,0.243902
199,24861.00,24861.25,24858.00,0.051282
200,24861.75,24863.50,24858.25,0.207547
201,24860.25,24862.00,24857.75,0.058824
202,24867.50,24867.50,24860.25,0.343284
203,24867.00,24869.25,24865.25,0.435484
204,24870.25,24871.25,24866.75,0.174603
205,24875.75,24876.25,24869.25,0.564516
206,24874.00,24876.25,24873.25,0.258621
207,24873.50,24876.00,24871.75,0.157895
208,24872.50,24874.75,24872.25,0.153846
209,24871.75,24876.50,24871.25,0.145833
210,24874.25,24875.75,24870.75,0.137255
211,24878.00,24878.00,24872.00,0.384615
212,24877.75,24878.75,24875.00,0.237288
213,24873.25,24877.75,24871.75,0.301587
214,24869.00,24873.50,24868.25,0.583333
215,24867.00,24870.50,24866.50,0.409836
216,24871.00,24871.50,24865.25,0.129032
217,24875.75,24875.75,24870.50,0.564516
218,24878.00,24878.25,24875.00,0.474576
219,24874.75,24878.75,24874.25,0.076923
220,24875.25,24875.75,24873.75,0.282051
221,24878.75,24879.75,24875.25,0.363636
222,24884.50,24884.50,24878.50,0.740000
223,24883.00,24888.00,24882.25,0.261538
224,24883.25,24884.50,24882.50,0.090909
225,24880.75,24883.25,24878.75,0.183673
226,24880.00,24880.75,24877.25,0.325000
227,24884.00,24884.25,24879.25,0.250000
228,24881.25,24884.25,24880.50,0.102041
229,24879.00,24882.00,24877.75,0.384615
230,24883.00,24884.00,24877.50,0.120690
231,24879.50,24884.25,24879.50,0.032258
232,24876.50,24880.25,24876.50,0.433333
233,24874.50,24877.50,24874.50,0.434783
234,24874.00,24875.75,24873.50,0.277778
235,24877.50,24877.50,24873.50,0.324324
236,24878.75,24879.75,24876.50,0.500000
237,24882.00,24882.00,24875.00,0.315789
238,24881.25,24882.50,24878.25,0.172414
239,24884.50,24885.50,24881.00,0.158730
240,24885.50,24888.00,24884.00,0.333333
241,24886.00,24888.00,24884.25,0.122449
242,24883.00,24886.00,24883.00,0.232558
243,24881.00,24883.75,24880.25,0.487805
244,24885.00,24885.75,24881.00,0.177778
245,24881.75,24886.25,24880.75,0.054545
246,24882.50,24882.75,24878.50,0.172414
247,24879.25,24882.75,24877.75,0.169492
248,24878.25,24881.00,24876.75,0.314815
249,24881.50,24881.50,24876.75,0.160714
250,24879.00,24882.50,24879.00,0.060000
251,24874.75,24879.00,24874.75,0.540000
252,24872.00,24875.75,24871.50,0.583333
253,24871.00,24871.75,24868.50,0.319149
254,24870.50,24871.00,24868.00,0.142857
255,24869.50,24872.50,24869.50,0.162162
256,24864.50,24869.75,24864.50,0.533333
257,24862.00,24864.50,24861.75,0.681818
258,24861.50,24862.75,24860.25,0.285714
259,24860.50,24862.50,24859.25,0.176471
260,24863.50,24864.00,24860.50,0.216216
261,24859.00,24864.00,24858.00,0.117647
262,24863.00,24863.25,24857.50,0.032787
263,24864.75,24865.00,24860.50,0.353846
264,24862.75,24864.75,24861.25,0.018182
265,24858.25,24863.00,24857.75,0.490566
266,24855.50,24859.25,24855.50,0.580000
267,24859.25,24860.50,24855.00,0.068966
268,24861.50,24864.50,24859.50,0.421053
269,24865.25,24865.50,24861.25,0.406780
270,24863.50,24866.00,24861.75,0.148148
271,24864.00,24865.75,24860.75,0.092593
272,24863.00,24864.25,24861.00,0.040000
273,24863.75,24865.50,24862.25,0.021739
274,24861.00,24864.50,24859.25,0.170213
275,24861.50,24863.00,24860.00,0.195652
276,24861.00,24864.75,24858.75,0.000000
277,24863.50,24863.50,24858.50,0.142857
278,24866.25,24867.25,24863.25,0.350000
279,24868.25,24869.50,24866.25,0.387755
280,24869.50,24869.75,24867.25,0.333333
281,24871.00,24872.50,24868.75,0.289474
282,24873.75,24874.75,24870.75,0.414634
283,24875.50,24876.25,24873.25,0.418605
284,24877.25,24879.25,24875.00,0.311111
285,24875.25,24878.00,24875.25,0.025000
286,24875.75,24878.50,24874.00,0.130435
287,24878.50,24878.50,24874.75,0.295455
288,24874.25,24878.75,24874.25,0.117647
289,24872.50,24875.50,24872.00,0.510638
290,24870.25,24873.50,24870.25,0.355556
291,24869.75,24871.25,24869.00,0.305556
292,24871.00,24872.25,24868.50,0.081081
293,24874.00,24876.00,24870.25,0.361702
294,24880.75,24880.75,24873.50,0.582090
295,24879.50,24881.75,24879.25,0.354839
296,24881.75,24881.75,24878.75,0.078431
297,24881.25,24882.00,24879.25,0.212121
298,24883.00,24884.00,24881.25,0.147059
299,24887.00,24887.00,24883.00,0.605263
300,24891.25,24891.25,24886.25,0.702128
301,24890.75,24894.25,24889.50,0.272727
302,24888.00,24891.00,24887.25,0.240741
303,24888.50,24890.25,24886.50,0.183673
304,24884.25,24889.75,24884.00,0.283019
305,24884.75,24886.75,24883.25,0.288462
306,24887.50,24890.00,24884.25,0.216667
307,24885.00,24888.00,24883.75,0.018519
308,24885.50,24886.75,24883.00,0.145455
309,24888.00,24888.75,24884.50,0.244898
310,24887.25,24888.25,24885.25,0.159091
311,24890.50,24891.00,24887.25,0.227273
312,24892.00,24892.00,24889.75,0.527778
313,24889.50,24892.00,24889.25,0.114286
314,24886.50,24890.25,24886.00,0.594595
315,24887.25,24890.75,24886.75,0.204545
316,24885.00,24891.00,24884.75,0.103448
317,24888.50,24890.00,24884.50,0.079365
318,24889.50,24890.50,24886.75,0.290323
319,24891.75,24891.75,24887.75,0.245283
320,24891.25,24893.00,24890.00,0.162791
321,24893.50,24893.75,24891.00,0.179487
322,24893.25,24895.00,24892.50,0.242424
323,24894.75,24894.75,24891.25,0.142857
324,24895.75,24896.25,24893.25,0.277778
325,24898.50,24898.50,24895.00,0.375000
326,24897.75,24899.50,24896.25,0.205128
327,24896.75,24899.00,24896.50,0.189189
328,24895.75,24897.75,24895.75,0.258065
329,24896.25,24896.75,24894.50,0.074074
330,24900.25,24900.25,24896.25,0.545455
331,24899.50,24900.50,24899.00,0.419355
332,24900.75,24901.25,24899.25,0.066667
333,24905.00,24905.00,24901.25,0.758621
334,24903.75,24906.00,24903.75,0.375000
335,24903.75,24905.00,24903.25,0.161290
336,24904.00,24904.75,24901.50,0.034483
337,24901.75,24904.75,24900.25,0.210526
338,24898.75,24902.00,24898.25,0.456522
339,24901.00,24901.75,24898.00,0.062500
340,24902.75,24903.50,24900.00,0.363636
341,24895.75,24902.75,24895.75,0.368421
342,24893.75,24896.50,24893.75,0.679245
343,24893.50,24894.75,24891.50,0.173077
344,24890.50,24895.00,24890.25,0.302326
345,24895.25,24895.25,24890.00,0.132075
346,24891.75,24896.50,24891.75,0.084746
347,24895.00,24895.00,24891.75,0.018868
348,24896.75,24896.75,24894.25,0.476190
349,24898.75,24898.75,24894.00,0.357143
350,24899.00,24899.75,24896.50,0.214286
351,24895.75,24899.75,24895.50,0.244898
352,24897.00,24897.50,24894.75,0.195122
353,24899.00,24899.00,24895.00,0.295455
354,24900.50,24901.50,24898.75,0.368421
355,24903.00,24903.00,24900.50,0.432432
356,24902.00,24903.50,24901.25,0.200000
357,24906.50,24906.75,24902.00,0.368421
358,24906.50,24907.75,24905.00,0.461538
359,24908.00,24908.25,24905.25,0.142857
360,24905.50,24908.75,24905.50,0.111111
361,24903.75,24906.50,24903.00,0.435897
362,24904.50,24905.25,24902.75,0.108108
363,24901.75,24906.75,24901.00,0.170213
364,24900.75,24904.25,24899.75,0.294118
365,24899.75,24901.50,24899.25,0.160000
366,24902.00,24902.00,24899.00,0.128205
367,24905.00,24905.75,24901.50,0.552632
368,24905.00,24906.00,24900.00,0.226415
369,24908.25,24909.25,24903.75,0.206349
370,24909.75,24909.75,24907.25,0.339286
371,24909.00,24911.00,24908.50,0.071429
372,24910.50,24911.50,24909.00,0.100000
373,24913.00,24913.50,24910.25,0.484848
374,24914.50,24915.00,24913.50,0.551724
375,24917.25,24917.25,24914.25,0.548387
376,24914.75,24917.75,24914.75,0.033333
377,24915.00,24916.00,24914.25,0.290323
378,24912.75,24916.25,24912.75,0.242424
379,24912.25,24913.25,24911.50,0.392857
380,24914.50,24915.00,24910.25,0.175000
381,24915.50,24915.75,24912.75,0.342105
382,24918.25,24918.25,24914.50,0.326087
383,24918.50,24922.00,24917.50,0.266667
384,24916.50,24918.75,24915.75,0.155556
385,24919.00,24919.50,24916.00,0.045455
386,24919.00,24919.50,24917.25,0.285714
387,24916.50,24919.50,24915.25,0.250000
388,24917.25,24918.75,24916.50,0.200000
389,24920.00,24921.50,24916.75,0.311111
390,24918.25,24919.50,24917.25,0.108108
391,24918.00,24919.50,24915.75,0.186047
392,24922.00,24922.00,24917.75,0.365854
393,24920.00,24922.75,24919.00,0.170213
394,24921.00,24921.00,24919.00,0.100000
395,24920.25,24922.25,24919.50,0.029412
396,24918.50,24921.50,24918.50,0.322581
397,24917.25,24918.75,24916.00,0.352941
398,24917.00,24917.25,24913.50,0.157895
399,24919.25,24920.00,24916.00,0.190476
400,24922.75,24922.75,24918.75,0.489362
401,24923.50,24923.50,24922.00,0.447368
402,24926.25,24926.25,24922.25,0.368421
403,24925.50,24926.50,24923.25,0.228571
404,24925.75,24925.75,24924.00,0.055556
405,24924.25,24926.25,24923.25,0.156250
406,24923.50,24925.50,24923.00,0.310345
407,24921.25,24924.00,24920.75,0.342857
408,24917.00,24921.25,24917.00,0.650000
409,24915.00,24918.25,24915.00,0.581395
410,24915.75,24917.75,24915.00,0.121951
411,24921.50,24921.50,24915.50,0.541667
412,24924.00,24924.50,24921.25,0.687500
413,24925.00,24925.50,24922.75,0.291667
414,24927.00,24928.50,24925.00,0.315789
415,24929.00,24929.75,24926.50,0.421053
416,24927.50,24929.00,24925.75,0.050000
417,24930.25,24930.25,24926.75,0.125000
418,24928.75,24931.00,24928.00,0.128205
419,24927.25,24930.50,24927.00,0.300000
420,24923.50,24927.50,24923.25,0.488372
421,24922.25,24925.25,24921.75,0.444444
422,24921.00,24923.50,24920.25,0.227273
423,24923.00,24924.00,24919.50,0.066667
424,24922.00,24923.75,24920.25,0.088889
425,24920.50,24923.00,24920.50,0.238095
426,24917.50,24921.50,24917.25,0.439024
427,24916.00,24917.75,24914.50,0.450000
428,24917.25,24917.25,24914.00,0.023256
429,24919.75,24921.50,24917.50,0.357143
430,24920.50,24921.25,24918.75,0.333333
431,24924.00,24924.50,24920.50,0.404762
432,24925.50,24926.75,24923.00,0.487805
433,24919.75,24925.50,24919.75,0.314815
434,24924.75,24925.50,24919.50,0.048387
435,24925.50,24926.50,24923.25,0.383333
436,24926.00,24927.25,24925.25,0.111111
437,24928.00,24929.00,24925.00,0.270270
438,24927.00,24929.25,24926.25,0.111111
439,24925.75,24928.50,24925.00,0.214286
440,24924.25,24927.25,24924.25,0.289474
441,24927.75,24928.00,24923.75,0.186047
442,24929.50,24929.50,24925.50,0.466667
443,24932.50,24934.00,24929.50,0.372549
444,24930.25,24932.50,24929.75,0.066667
445,24933.50,24933.50,24929.75,0.090909
446,24935.25,24935.25,24932.75,0.555556
447,24934.75,24937.25,24934.25,0.135135
448,24933.25,24937.25,24933.25,0.210526
449,24933.25,24934.75,24932.50,0.162162
450,24935.00,24936.00,24933.00,0.189189
451,24937.25,24937.75,24935.00,0.500000
452,24933.00,24937.75,24932.75,0.186047
453,24932.75,24934.25,24932.50,0.473684
454,24929.25,24933.50,24929.25,0.340909
455,24926.25,24929.25,24926.00,0.702703
456,24927.50,24928.00,24924.25,0.155556
457,24925.00,24927.75,24923.50,0.111111
458,24927.75,24929.50,24924.75,0.019608
459,24924.75,24928.00,24923.50,0.018519
460,24922.25,24926.25,24922.25,0.415094
461,24919.25,24923.25,24919.00,0.431373
462,24918.75,24919.75,24917.25,0.325581
463,24916.75,24920.25,24916.25,0.232558
464,24917.50,24917.75,24915.75,0.147059
465,24915.25,24918.25,24914.25,0.150000
466,24920.25,24920.50,24915.00,0.239130
467,24916.50,24920.75,24916.00,0.087719
468,24914.00,24917.25,24913.50,0.446429
469,24914.00,24917.00,24913.25,0.204082
470,24915.25,24916.50,24914.00,0.125000
471,24918.25,24918.25,24913.75,0.395349
472,24919.00,24919.50,24917.00,0.394737
473,24921.75,24922.25,24918.25,0.318182
474,24923.75,24924.00,24921.25,0.513514
475,24921.00,24924.75,24920.75,0.069767
476,24919.75,24922.25,24919.50,0.421053
477,24921.50,24921.50,24919.25,0.055556
478,24924.00,24924.00,24920.25,0.485714
479,24923.50,24924.50,24921.00,0.210526
480,24920.50,24923.75,24919.25,0.297872
481,24914.00,24920.00,24914.00,0.678571
482,24912.50,24916.50,24912.50,0.551724
483,24912.25,24915.25,24912.00,0.132075
484,24914.00,24914.25,24911.50,0.150000
485,24912.75,24915.50,24911.50,0.050000
486,24909.75,24912.50,24909.75,0.447368
487,24908.50,24910.50,24908.25,0.472222
488,24910.50,24911.75,24907.75,0.083333
489,24910.00,24912.50,24909.25,0.157895
490,24910.75,24910.75,24908.00,0.025000
491,24913.75,24914.50,24909.75,0.348837
492,24909.50,24914.00,24908.25,0.094340
493,24913.25,24913.50,24909.50,0.034483
494,24913.25,24913.25,24909.00,0.267857
495,24914.00,24915.00,24912.75,0.071429
496,24912.75,24915.25,24910.00,0.042553
497,24913.50,24913.50,24910.75,0.048780
498,24910.25,24914.00,24909.00,0.192308
499,24908.25,24910.75,24906.50,0.437500
500,24906.00,24908.25,24905.75,0.361702
501,24907.50,24907.50,24905.50,0.085714
502,24908.75,24909.50,24906.25,0.354839
503,24905.25,24908.75,24905.25,0.257143
504,24907.00,24908.25,24904.75,0.170732
505,24909.50,24909.50,24905.75,0.395349
506,24905.25,24909.50,24904.25,0.140000
507,24909.50,24909.75,24905.25,0.000000
508,24912.50,24912.75,24908.75,0.527273
509,24911.50,24912.75,24909.50,0.170213
510,24911.00,24913.00,24909.25,0.136364
511,24910.25,24912.00,24908.25,0.116279
512,24914.00,24914.00,24909.75,0.255319
513,24913.75,24914.50,24912.25,0.341463
514,24915.25,24916.75,24913.25,0.125000
515,24914.50,24917.00,24913.75,0.083333
516,24913.75,24915.75,24912.75,0.153846
517,24916.50,24917.00,24913.50,0.205128
518,24914.25,24919.25,24914.25,0.043478
519,24916.50,24918.00,24914.75,0.000000
520,24915.75,24917.25,24914.75,0.139535
521,24917.00,24918.75,24914.00,0.047619
522,24915.75,24918.25,24915.00,0.000000
523,24915.25,24915.75,24912.25,0.152174
524,24919.75,24919.75,24912.75,0.290909
525,24921.50,24921.50,24918.00,0.446429
526,24917.50,24921.50,24917.00,0.150000
527,24920.75,24920.75,24917.50,0.066667
528,24921.50,24923.50,24919.00,0.326531
529,24923.25,24923.50,24920.50,0.232558
530,24920.00,24923.50,24919.75,0.133333
531,24920.25,24920.75,24918.50,0.333333
532,24920.75,24921.00,24918.00,0.083333
533,24921.00,24923.50,24920.50,0.090909
534,24923.75,24924.25,24920.50,0.307692
535,24924.75,24924.75,24922.00,0.394737
536,24922.75,24926.00,24921.75,0.093023
537,24922.25,24924.00,24921.50,0.263158
538,24920.00,24923.75,24919.50,0.250000
539,24919.75,24922.75,24919.50,0.250000
540,24916.00,24921.00,24915.75,0.313725
541,24914.75,24917.50,24914.50,0.434783
542,24914.00,24917.00,24914.00,0.177778
543,24913.50,24915.25,24912.75,0.147059
544,24909.50,24914.25,24909.50,0.439024
545,24906.00,24909.50,24903.75,0.576923
546,24906.25,24909.25,24903.50,0.200000
547,24909.00,24909.00,24902.50,0.166667
548,24903.25,24909.75,24903.00,0.157895
549,24905.00,24906.75,24902.75,0.231884
550,24902.50,24905.00,24902.00,0.054545
551,24898.50,24903.75,24898.50,0.530612
552,24903.75,24904.50,24897.25,0.080645
553,24905.00,24905.00,24901.00,0.393939
554,24903.75,24907.50,24903.50,0.000000
555,24909.75,24910.25,24904.50,0.345455
556,24906.50,24911.75,24905.25,0.169231
557,24905.00,24907.75,24904.50,0.306452
558,24904.75,24906.00,24902.75,0.134615
559,24900.50,24905.50,24900.50,0.391304
560,24899.50,24901.00,24897.75,0.456522
561,24900.00,24901.00,24897.75,0.043478
562,24901.00,24901.25,24897.25,0.142857
563,24903.75,24904.50,24900.00,0.319149
564,24907.00,24907.25,24902.50,0.452830
565,24910.50,24911.00,24907.00,0.509434
566,24914.75,24914.75,24910.00,0.574074
567,24914.25,24916.50,24913.75,0.326087
568,24914.25,24915.00,24912.75,0.051282
569,24908.75,24914.25,24908.75,0.523810
570,24910.75,24911.50,24907.75,0.304348
571,24910.50,24911.75,24908.75,0.142857
572,24908.00,24910.75,24906.75,0.255814
573,24905.75,24908.25,24905.00,0.463415
574,24911.50,24912.50,24906.00,0.254545
575,24914.75,24916.00,24911.75,0.642857
576,24913.25,24915.50,24913.25,0.134615
577,24910.00,24913.25,24908.00,0.404255
578,24911.00,24912.25,24907.50,0.183673
579,24909.75,24912.75,24908.25,0.017241
580,24909.00,24911.50,24906.75,0.142857
581,24910.75,24910.75,24907.50,0.080000
582,24913.25,24914.00,24910.75,0.377778
583,24911.00,24915.50,24911.00,0.022727
584,24910.25,24910.75,24908.75,0.307692
585,24912.50,24914.00,24909.75,0.139535
586,24914.25,24914.25,24909.25,0.355556
587,24911.00,24915.00,24910.75,0.111111
588,24911.25,24912.00,24908.25,0.230769
589,24913.50,24915.25,24911.25,0.208333
590,24915.75,24916.25,24913.25,0.418605
591,24917.25,24918.25,24915.00,0.365854
592,24913.50,24918.25,24912.75,0.191489
593,24909.25,24913.25,24909.00,0.615385
594,24912.50,24913.25,24909.00,0.071429
595,24912.75,24914.75,24911.25,0.291667
596,24915.50,24916.25,24911.50,0.240000
597,24918.50,24919.00,24915.00,0.469388
598,24917.25,24919.25,24915.75,0.142857
599,24914.00,24917.75,24913.25,0.375000
600,24909.50,24914.00,24909.25,0.607843
601,24908.50,24911.75,24908.50,0.440000
602,24910.25,24910.75,24907.00,0.063830
603,24911.75,24913.00,24909.75,0.317073
604,24913.75,24914.00,24910.50,0.333333
605,24911.25,24915.50,24910.75,0.043478
606,24910.75,24912.25,24909.25,0.266667
607,24911.00,24913.25,24910.50,0.023810
608,24915.25,24915.75,24910.00,0.391304
609,24919.50,24919.50,24915.00,0.653846
610,24918.50,24920.00,24917.50,0.254902
611,24920.75,24921.25,24918.00,0.121951
612,24922.25,24922.25,24919.50,0.441176
613,24924.00,24924.25,24921.50,0.371429
614,24924.50,24925.25,24922.50,0.272727
615,24922.50,24925.75,24922.25,0.166667
616,24925.00,24926.75,24922.50,0.047619
617,24922.75,24925.50,24920.50,0.019608
618,24924.75,24925.00,24921.25,0.019231
619,24916.75,24924.75,24916.25,0.347826
620,24920.00,24920.25,24916.75,0.301587
621,24915.25,24920.50,24915.00,0.085714
622,24913.75,24915.75,24913.00,0.531915
623,24916.25,24916.25,24913.25,0.088889
624,24916.50,24920.75,24915.50,0.250000
625,24919.25,24921.75,24915.75,0.210526
626,24923.00,24923.00,24919.00,0.426230
627,24924.00,24924.50,24922.75,0.404255
628,24920.75,24924.75,24919.25,0.200000
629,24921.00,24922.75,24919.75,0.292683
630,24917.25,24921.25,24917.25,0.280000
631,24911.25,24918.00,24911.25,0.709091
632,24913.50,24913.75,24910.50,0.267857
633,24919.00,24919.00,24913.00,0.484375
634,24924.25,24924.50,24918.50,0.704918
635,24926.25,24926.50,24923.50,0.483333
636,24925.50,24926.50,24923.50,0.104167
637,24925.75,24926.50,24923.00,0.052632
638,24928.25,24932.25,24925.75,0.211538
639,24930.00,24932.75,24928.00,0.288136
640,24929.50,24931.00,24928.50,0.090909
641,24930.75,24932.00,24928.50,0.069767
642,24929.00,24931.25,24927.50,0.051282
643,24928.75,24931.25,24928.50,0.200000
644,24930.25,24930.25,24927.25,0.131579
645,24929.00,24930.25,24927.50,0.029412
646,24932.25,24932.75,24928.75,0.205128
647,24931.25,24934.00,24930.50,0.219512
648,24934.75,24934.75,24931.50,0.232558
649,24935.00,24935.75,24934.00,0.441176
650,24935.00,24935.50,24933.25,0.034483
651,24932.00,24936.00,24931.50,0.352941
652,24936.25,24936.50,24931.75,0.108696
653,24939.25,24944.00,24936.00,0.420290
654,24938.50,24943.00,24937.75,0.125000
655,24939.00,24939.00,24937.00,0.016393
656,24935.25,24939.25,24935.25,0.288889
657,24936.50,24937.00,24935.00,0.312500
658,24939.75,24939.75,24935.75,0.450000
659,24942.00,24942.50,24939.25,0.594595
660,24941.00,24941.75,24940.00,0.138889
661,24944.00,24944.00,24939.75,0.216216
662,24946.25,24946.50,24943.50,0.583333
663,24947.50,24947.50,24944.75,0.350000
664,24942.50,24947.75,24942.50,0.340909
665,24945.00,24945.50,24941.75,0.212766
666,24947.75,24948.25,24944.25,0.403846
667,24945.75,24948.50,24945.50,0.069767
668,24950.25,24950.25,24945.00,0.204082
669,24949.25,24950.75,24948.25,0.325581
670,24946.50,24949.50,24944.50,0.294118
671,24948.75,24949.25,24946.00,0.046512
672,24951.25,24952.25,24948.25,0.387755
673,24949.00,24952.75,24948.25,0.021277
674,24949.50,24950.75,24947.50,0.148936
675,24947.75,24950.25,24946.00,0.104167
676,24942.25,24948.00,24942.00,0.537037
677,24950.25,24951.00,24941.75,0.128205
678,24949.25,24951.25,24948.00,0.378378
679,24951.00,24951.50,24948.50,0.048387
680,24953.50,24956.75,24950.75,0.346939
681,24947.75,24953.50,24947.25,0.213115
682,24948.50,24949.50,24944.50,0.289855
683,24952.75,24953.00,24948.25,0.312500
684,24954.00,24954.50,24952.00,0.448980
685,24955.50,24957.25,24954.00,0.261905
686,24953.00,24955.25,24951.00,0.100000
687,24955.00,24956.00,24953.00,0.047619
688,24958.25,24958.75,24955.25,0.488372
689,24956.75,24958.50,24955.50,0.184211
690,24958.25,24959.50,24956.00,0.000000
691,24961.75,24962.00,24958.25,0.487805
692,24961.00,24962.75,24960.25,0.282051
693,24963.75,24963.75,24960.00,0.200000
694,24964.00,24966.25,24963.50,0.333333
695,24960.50,24964.50,24959.75,0.288889
696,24958.00,24961.25,24958.00,0.558140
697,24956.75,24960.00,24956.25,0.319149
698,24954.25,24958.00,24953.25,0.319149
699,24957.75,24958.50,24953.75,0.075472
700,24957.50,24958.25,24955.50,0.265306
701,24962.25,24963.00,24955.50,0.300000
702,24968.50,24968.50,24962.00,0.656716
703,24966.25,24969.25,24966.25,0.235294
704,24966.50,24968.00,24964.25,0.150943
705,24966.75,24968.00,24964.25,0.047619
706,24962.50,24966.25,24961.75,0.333333
707,24961.00,24964.50,24959.25,0.425926
708,24963.50,24966.00,24961.00,0.067797
709,24959.00,24964.75,24959.00,0.125000
710,24961.50,24961.75,24957.25,0.131148
711,24959.50,24963.50,24959.00,0.033898
712,24954.00,24960.75,24954.00,0.476190
713,24955.50,24957.00,24953.25,0.266667
714,24957.75,24958.00,24953.00,0.241935
715,24960.25,24961.75,24957.75,0.372549
716,24960.75,24963.50,24959.75,0.235294
717,24957.75,24961.00,24956.00,0.196078
718,24964.50,24965.50,24958.00,0.230769
719,24963.50,24966.00,24962.50,0.359375
720,24968.00,24968.25,24963.75,0.225806
721,24967.25,24969.00,24967.00,0.375000
722,24968.25,24969.50,24967.00,0.027778
723,24968.25,24969.00,24965.50,0.125000
724,24965.50,24969.25,24965.50,0.282051
725,24967.25,24969.50,24965.50,0.088889
726,24967.00,24968.25,24966.00,0.150000
727,24959.75,24968.50,24959.25,0.483871
728,24956.75,24960.00,24956.25,0.672131
729,24955.50,24957.25,24954.25,0.265625
730,24951.50,24956.50,24951.50,0.446809
731,24953.25,24954.00,24950.25,0.191489
732,24956.75,24957.25,24952.75,0.396226
733,24954.00,24958.25,24953.25,0.056604
734,24959.25,24960.25,24953.00,0.149254
735,24958.50,24959.25,24955.25,0.276923
736,24960.00,24960.75,24957.75,0.052632
737,24961.50,24962.25,24958.00,0.266667
738,24960.25,24962.00,24957.25,0.020833
739,24960.00,24964.25,24959.75,0.111111
740,24963.75,24964.00,24959.50,0.254545
741,24966.00,24966.25,24963.00,0.489796
742,24968.00,24968.25,24965.50,0.404762
743,24964.00,24968.00,24963.50,0.190476
744,24966.25,24966.25,24962.50,0.159091
745,24969.00,24970.00,24965.50,0.392157
746,24970.50,24970.50,24967.00,0.361702
747,24970.00,24972.50,24969.25,0.088889
748,24969.75,24971.50,24969.25,0.083333
749,24972.75,24973.75,24969.75,0.289474
750,24970.75,24973.25,24969.75,0.102564
751,24973.25,24974.25,24969.75,0.041667
752,24973.00,24975.00,24972.00,0.204545
753,24971.75,24973.75,24971.75,0.157895
754,24973.00,24974.25,24971.75,0.000000
755,24970.00,24973.75,24969.50,0.200000
756,24975.00,24975.00,24969.75,0.166667
757,24977.25,24977.25,24974.50,0.591837
758,24974.75,24978.25,24974.50,0.021277
759,24974.25,24975.25,24971.50,0.292683
760,24978.75,24978.75,24974.00,0.326531
761,24977.25,24979.75,24976.25,0.250000
762,24977.25,24978.50,24975.75,0.136364
763,24978.75,24980.25,24977.00,0.157895
764,24978.25,24980.50,24977.75,0.114286
765,24978.25,24979.75,24977.25,0.058824
766,24978.25,24979.50,24976.75,0.000000
767,24975.75,24979.25,24975.00,0.263158
768,24976.50,24978.25,24974.25,0.159091
769,24979.00,24979.00,24975.25,0.270833
770,24980.50,24982.00,24978.75,0.363636
771,24981.50,24982.75,24980.00,0.256410
772,24982.50,24984.25,24981.00,0.216216
773,24984.50,24984.50,24981.75,0.342857
774,24983.00,24985.75,24983.00,0.057143
775,24984.75,24985.75,24982.75,0.029412
776,24982.75,24984.50,24982.50,0.032258
777,24980.50,24985.25,24980.25,0.425000
778,24977.50,24980.75,24976.75,0.477273
779,24982.25,24982.25,24977.00,0.122807
780,24980.50,24983.75,24980.00,0.230769
781,24981.25,24983.75,24979.50,0.075472
782,24984.25,24984.25,24980.75,0.326087
783,24985.00,24985.25,24982.00,0.340909
784,24984.00,24985.50,24983.25,0.027778
785,24986.50,24987.00,24983.50,0.166667
786,24982.25,24986.50,24982.00,0.170732
787,24982.00,24985.75,24981.50,0.367347
788,24982.75,24984.25,24979.50,0.037037
789,24981.25,24983.75,24979.75,0.057692
790,24986.25,24986.50,24981.25,0.250000
791,24984.50,24986.50,24983.25,0.260000
792,24988.25,24988.50,24984.25,0.156863
793,24988.75,24990.00,24988.00,0.447368
794,24989.00,24989.75,24987.50,0.088235
795,24989.75,24990.25,24987.50,0.142857
796,24993.00,24993.00,24989.50,0.470588
797,24992.25,24993.00,24990.75,0.294118
798,24989.75,24992.50,24989.25,0.361111
799,24989.00,24989.75,24987.00,0.393939
800,24990.00,24990.25,24986.75,0.026316
801,24984.50,24990.25,24983.75,0.352941
802,24986.00,24987.25,24983.00,0.280702
803,24983.50,24987.25,24983.50,0.068966
804,24985.75,24987.50,24983.00,0.020000
805,24984.00,24988.00,24984.00,0.040816
806,24982.50,24984.75,24980.75,0.260000
807,24980.25,24983.25,24979.25,0.312500
808,24980.50,24982.25,24979.50,0.186047
809,24979.50,24981.25,24978.75,0.081081
810,24980.75,24982.00,24978.50,0.028571
811,24982.00,24982.25,24978.25,0.250000
812,24983.25,24984.50,24980.50,0.217391
813,24979.50,24983.75,24979.00,0.196078
814,24978.50,24979.75,24977.00,0.413043
815,24979.00,24979.75,24976.50,0.046512
816,24976.25,24979.75,24976.00,0.230769
817,24977.00,24978.50,24975.75,0.205128
818,24980.00,24981.25,24976.75,0.340909
819,24978.50,24981.25,24977.50,0.136364
820,24981.25,24981.75,24977.50,0.100000
821,24979.25,24981.75,24977.25,0.060000
822,24976.75,24979.50,24975.75,0.360000
823,24981.50,24982.00,24976.00,0.157895
824,24984.75,24984.75,24981.25,0.603774
825,24984.25,24985.25,24982.75,0.229167
826,24988.75,24988.75,24984.00,0.372093
827,24988.25,24990.00,24988.00,0.432432
828,24990.75,24990.75,24986.50,0.181818
829,24986.75,24991.25,24986.75,0.139535
830,24983.75,24988.75,24983.75,0.509091
831,24985.25,24987.50,24983.50,0.111111
832,24989.50,24990.50,24985.25,0.403509
833,24986.75,24990.00,24985.75,0.111111
834,24992.50,24992.50,24986.25,0.190476
835,24991.75,24994.50,24990.50,0.344828
836,24989.50,24992.25,24989.50,0.230769
837,24988.25,24990.75,24986.50,0.318182
838,24985.75,24990.00,24985.50,0.326087
839,24988.75,24989.25,24985.00,0.038462
840,24992.00,24993.00,24989.00,0.490196
841,24989.50,24992.75,24989.50,0.065217
842,24990.00,24990.00,24986.00,0.177778
843,24989.25,24991.75,24988.50,0.023810
844,24993.50,24993.75,24988.00,0.269231
845,24989.00,24993.75,24988.50,0.017544
846,24985.00,24990.00,24984.50,0.515152
847,24986.75,24986.75,24984.25,0.169811
848,24988.25,24990.25,24986.25,0.270833
849,24984.00,24989.00,24983.75,0.234043
850,24986.00,24986.75,24983.00,0.173077
851,24983.25,24986.50,24983.25,0.061224
852,24984.50,24987.00,24982.25,0.127660
853,24990.00,24991.00,24984.25,0.457627
854,24991.25,24992.75,24990.00,0.473684
855,24988.25,24992.75,24987.75,0.120690
856,24985.50,24989.50,24985.50,0.489362
857,24985.00,24985.50,24982.75,0.276596
858,24984.00,24987.25,24983.00,0.136364
859,24988.50,24988.50,24983.25,0.285714
860,24989.75,24991.00,24986.50,0.410714
861,24989.50,24991.00,24989.25,0.086957
862,24992.50,24992.50,24989.50,0.297297
863,24986.75,24992.50,24986.50,0.255814
864,24989.25,24992.25,24986.50,0.220339
865,24988.75,24989.50,24984.75,0.121212
866,24989.25,24989.75,24986.50,0.000000
867,24987.25,24989.75,24985.00,0.117647
868,24986.25,24988.25,24984.00,0.244898
869,24987.25,24987.50,24984.75,0.000000
870,24990.00,24990.00,24984.75,0.306122
871,24988.75,24991.50,24988.50,0.136364
872,24990.25,24991.25,24988.00,0.021739
873,24987.00,24991.25,24986.25,0.155556
874,24988.50,24989.00,24985.25,0.145833
875,24992.00,24992.75,24987.00,0.344828
876,24989.50,24991.75,24987.75,0.074074
877,24986.00,24989.25,24986.00,0.461538
878,24982.25,24986.25,24981.75,0.617021
879,24980.75,24983.75,24980.50,0.477273
880,24978.25,24980.75,24978.25,0.390244
881,24979.00,24980.00,24977.75,0.218750
882,24978.25,24981.50,24978.25,0.000000
883,24977.00,24978.50,24976.50,0.266667
884,24976.25,24978.75,24976.25,0.258065
885,24975.50,24978.00,24975.50,0.214286
886,24976.00,24976.50,24974.75,0.037037
887,24973.75,24977.50,24973.50,0.212121
888,24976.75,24977.00,24973.25,0.078947
889,24981.00,24982.00,24977.00,0.568627
890,24979.75,24982.25,24979.00,0.250000
891,24980.50,24980.50,24976.50,0.040816
892,24983.50,24983.50,24979.50,0.333333
893,24986.25,24986.50,24983.00,0.500000
894,24986.25,24987.75,24984.75,0.261905
895,24982.75,24986.50,24982.75,0.341463
896,24981.25,24983.75,24980.50,0.500000
897,24980.25,24984.50,24980.25,0.222222
898,24977.25,24981.50,24976.50,0.320000
899,24978.25,24978.75,24976.25,0.170213
900,24976.00,24978.50,24975.00,0.113636
901,24978.50,24981.50,24975.75,0.021277
902,24977.00,24979.75,24975.00,0.071429
903,24982.25,24982.50,24976.50,0.227273
904,24985.25,24985.25,24982.00,0.589286
905,24985.50,24987.25,24984.75,0.276596
906,24988.75,24988.75,24984.50,0.350000
907,24990.00,24991.25,24988.25,0.461538
908,24988.75,24990.25,24987.50,0.000000
909,24985.75,24989.00,24985.00,0.435897
910,24986.50,24989.00,24985.75,0.225000
911,24986.50,24989.50,24985.00,0.063830
912,24990.00,24990.00,24985.75,0.291667
913,24990.50,24992.25,24989.25,0.340426
914,24989.00,24991.00,24988.00,0.097561
915,24989.50,24991.00,24987.00,0.100000
916,24988.50,24989.50,24986.75,0.051282
917,24989.50,24990.25,24986.25,0.000000
918,24987.75,24989.75,24987.25,0.081081
919,24986.25,24989.50,24985.50,0.309524
920,24988.25,24989.50,24986.00,0.050000
921,24988.25,24988.75,24985.00,0.177778
922,24985.75,24988.75,24984.00,0.208333
923,24990.25,24990.50,24986.00,0.153846
924,24993.00,24993.00,24990.25,0.604167
925,24995.50,24995.50,24992.00,0.488372
926,24994.25,24997.75,24994.25,0.128205
927,24990.00,24994.25,24989.75,0.478261
928,24987.00,24990.50,24987.00,0.630435
929,24987.75,24988.00,24985.25,0.209302
930,24982.75,24987.75,24982.75,0.377778
931,24982.75,24984.25,24981.50,0.476190
932,24983.25,24985.75,24982.50,0.045455
933,24981.50,24984.25,24980.50,0.128205
934,24979.25,24982.25,24978.75,0.380952
935,24978.25,24981.75,24978.25,0.302326
936,24979.00,24980.25,24977.75,0.026316
937,24978.25,24980.25,24978.00,0.000000
938,24980.00,24980.25,24977.75,0.137931
939,24981.50,24981.50,24979.25,0.464286
940,24984.50,24985.75,24980.75,0.461538
941,24989.00,24989.25,24984.00,0.600000
942,24990.25,24990.50,24988.25,0.460000
943,24989.50,24991.50,24988.25,0.046512
944,24988.50,24991.25,24988.00,0.200000
945,24989.25,24989.75,24987.25,0.027778
946,24987.25,24989.75,24987.00,0.147059
947,24987.00,24988.50,24984.50,0.243243
948,24987.00,24987.00,24983.25,0.023810
949,24986.25,24988.25,24985.75,0.073171
950,24991.50,24991.50,24986.00,0.382979
951,24991.25,24992.25,24990.25,0.500000
952,24989.75,24992.00,24989.75,0.179487
953,24991.75,24991.75,24988.75,0.068966
954,24995.50,24995.75,24991.50,0.605263
955,24994.00,24996.50,24993.50,0.219512
956,24995.00,24996.25,24993.50,0.050000
957,24995.50,24996.25,24994.00,0.187500
958,24994.75,24996.50,24994.25,0.034483
959,24995.00,24996.50,24994.25,0.074074
960,24993.25,24996.25,24992.50,0.181818
961,24994.25,24994.75,24991.00,0.076923
962,24994.25,24994.25,24991.50,0.097561
963,24995.25,24995.25,24992.50,0.108108
964,24998.00,24998.00,24994.50,0.416667
965,24999.00,24999.00,24996.50,0.428571
966,25000.00,25000.00,24999.00,0.285714
967,24999.25,25000.50,24998.75,0.047619
968,24998.50,25000.50,24998.50,0.315789
969,24996.25,24999.00,24996.00,0.444444
970,24996.25,24997.00,24995.25,0.333333
971,24994.25,24997.25,24994.00,0.250000
972,24996.25,24997.50,24994.00,0.000000
973,24998.25,24998.50,24994.50,0.372093
974,24998.50,24999.25,24997.50,0.243243
975,24995.00,24999.25,24995.00,0.325000
976,24994.25,24997.25,24994.25,0.472222
977,24997.00,24997.00,24993.75,0.190476
978,24992.75,24997.25,24992.75,0.139535
979,24990.25,24993.25,24989.75,0.600000
980,24987.75,24992.00,24987.00,0.384615
981,24990.00,24991.25,24987.75,0.020833
982,24992.75,24992.75,24989.50,0.425532
983,24991.00,24994.00,24991.00,0.102564
984,24991.00,24991.75,24989.00,0.194444
985,24987.50,24991.00,24986.00,0.325581
986,24983.00,24987.50,24983.00,0.653061
987,24984.00,24985.75,24982.75,0.280000
988,24984.50,24985.00,24983.50,0.166667
989,24988.25,24988.50,24984.50,0.500000
990,24987.75,24988.75,24987.00,0.448276
991,24990.00,24990.00,24987.25,0.205882
992,24988.75,24990.75,24987.50,0.129032
993,24990.00,24991.00,24988.25,0.000000
994,24991.25,24992.50,24989.00,0.263158
995,24989.00,24992.50,24989.00,0.102564
996,24987.50,24989.00,24986.75,0.405405
997,24988.75,24989.50,24987.00,0.030303
998,24987.00,24989.75,24986.50,0.062500
999,24993.00,24993.00,24986.50,0.346939
1000,24992.25,24994.50,24992.25,0.437500
1001,24993.00,24993.75,24991.00,0.000000
1002,24993.00,24994.00,24991.50,0.100000
1003,24994.75,24995.75,24992.75,0.212121
1004,24995.00,24996.50,24994.50,0.266667
1005,24996.75,24997.00,24995.00,0.285714
1006,24994.50,24997.50,24994.50,0.071429
1007,24990.50,24995.00,24990.50,0.657895
1008,24990.50,24991.75,24989.00,0.390244
1009,24990.75,24992.00,24990.25,0.027778
1010,24990.75,24992.00,24989.25,0.034483
1011,24994.50,24994.50,24990.50,0.441176
1012,24991.50,24995.00,24990.75,0.068182
1013,24993.25,24995.00,24991.50,0.106383
1014,24995.25,24996.25,24993.25,0.348837
1015,24995.50,24996.50,24994.00,0.250000
1016,24996.50,24998.00,24995.25,0.151515
1017,24998.50,24999.00,24996.25,0.375000
1018,25001.00,25002.75,24998.50,0.461538
1019,24998.50,25002.00,24998.25,0.000000
1020,25000.50,25000.50,24998.00,0.047619
1021,25001.50,25001.50,24999.50,0.363636
1022,25000.50,25002.50,24999.75,0.000000
1023,24997.50,25000.50,24996.75,0.470588
1024,24999.75,25000.25,24997.25,0.078947
1025,25001.50,25002.00,24998.75,0.400000
1026,25001.25,25002.25,25000.25,0.181818
1027,25001.75,25002.25,24999.00,0.029412
1028,25004.25,25004.25,25000.50,0.333333
1029,25007.50,25007.50,25003.50,0.522727
1030,25005.00,25008.00,25004.50,0.066667
1031,25007.75,25008.25,25004.50,0.022222
1032,25009.00,25009.75,25007.25,0.410256
1033,25010.75,25011.50,25009.00,0.342857
1034,25013.25,25014.50,25010.50,0.472222
1035,25013.00,25013.50,25011.50,0.264706
1036,25013.25,25013.75,25012.25,0.000000
1037,25012.50,25013.25,25011.25,0.090909
1038,25012.75,25013.00,25010.50,0.083333
1039,25009.00,25012.75,25009.00,0.424242
1040,25009.25,25010.50,25008.25,0.411765
1041,25007.50,25010.25,25006.75,0.157895
1042,25005.50,25008.50,25005.50,0.428571
1043,25005.25,25007.25,25004.25,0.236842
1044,25008.75,25009.75,25005.00,0.302326
1045,25008.25,25010.75,25008.00,0.285714
1046,25006.50,25009.25,25006.50,0.219512
1047,25004.25,25007.25,25003.50,0.432432
1048,25002.25,25005.00,25002.25,0.459459
1049,25002.00,25003.25,25001.50,0.272727
1050,24998.75,25002.75,24998.50,0.400000
1051,25001.50,25001.50,24999.00,0.058824
1052,25001.50,25002.50,25000.50,0.314286
1053,25000.75,25003.00,25000.75,0.111111
1054,25004.75,25005.00,25000.50,0.371429
1055,25003.25,25005.50,25002.50,0.256410
1056,25005.00,25006.00,25001.75,0.021277
1057,25010.00,25010.00,25004.75,0.540000
1058,25006.75,25010.00,25006.75,0.137255
1059,25007.75,25008.50,25005.75,0.200000
1060,25008.50,25009.75,25006.75,0.194444
1061,25007.25,25009.25,25007.25,0.064516
1062,25009.00,25009.00,25007.25,0.074074
1063,25011.25,25011.25,25009.00,0.666667
1064,25011.25,25011.50,25008.75,0.333333
1065,25010.75,25012.25,25010.00,0.068966
1066,25010.00,25011.75,25009.25,0.166667
1067,25012.00,25012.50,25009.25,0.156250
1068,25014.75,25014.75,25011.25,0.513514
1069,25017.00,25018.00,25014.75,0.500000
1070,25015.50,25018.00,25014.25,0.071429
1071,25013.25,25015.75,25013.00,0.384615
1072,25009.50,25013.75,25009.50,0.558140
1073,25009.50,25011.25,25009.25,0.416667
1074,25007.25,25010.00,25007.25,0.250000
1075,25010.50,25010.50,25007.00,0.121212
1076,25010.75,25012.00,25009.00,0.378378
1077,25011.00,25012.50,25010.75,0.060606
1078,25009.75,25011.00,25008.00,0.129032
1079,25009.50,25010.75,25008.25,0.206897
1080,25013.50,25013.75,25008.75,0.357143
1081,25015.25,25015.75,25012.75,0.547619
1082,25015.00,25016.00,25014.00,0.150000
1083,25014.75,25015.50,25013.25,0.068966
1084,25015.50,25016.75,25014.50,0.076923
1085,25014.50,25016.00,25014.25,0.040000
1086,25012.25,25015.00,25012.25,0.481481
1087,25011.50,25012.25,25010.00,0.444444
1088,25009.25,25012.25,25009.00,0.363636
1089,25013.00,25013.50,25009.25,0.153846
1090,25012.75,25014.25,25012.00,0.358974
1091,25010.50,25013.25,25010.00,0.256410
1092,25009.75,25010.75,25009.00,0.413793
1093,25011.00,25011.50,25009.25,0.068966
1094,25012.00,25012.75,25010.75,0.375000
1095,25015.00,25015.00,25011.25,0.500000
1096,25016.25,25016.50,25014.25,0.531250
1097,25016.25,25017.75,25015.75,0.156250
1098,25015.25,25017.50,25015.00,0.148148
1099,25018.00,25018.00,25013.50,0.194444
1100,25016.00,25019.25,25015.75,0.071429
1101,25014.25,25017.25,25014.25,0.340909
1102,25011.25,25014.75,25010.75,0.452381
1103,25011.00,25012.75,25010.25,0.342105
1104,25010.00,25011.25,25009.50,0.151515
1105,25010.00,25013.00,25009.75,0.133333
1106,25010.25,25010.25,25008.50,0.037037
1107,25012.00,25013.25,25009.50,0.228571
1108,25013.50,25013.50,25011.75,0.448276
1109,25009.00,25013.50,25008.25,0.279070
1110,25008.00,25009.75,25007.50,0.594595
1111,25007.75,25009.00,25006.75,0.128205
1112,25004.50,25007.50,25004.50,0.466667
1113,25005.00,25005.25,25003.75,0.407407
1114,25006.50,25007.75,25004.75,0.266667
1115,25003.75,25007.00,25002.25,0.135135
1116,25006.00,25006.00,25003.25,0.047619
1117,25010.00,25010.00,25005.75,0.531915
1118,25013.25,25013.25,25009.25,0.659091
1119,25012.50,25014.50,25012.50,0.243902
1120,25010.75,25013.25,25009.25,0.250000
1121,25009.50,25011.50,25008.50,0.333333
1122,25012.25,25012.75,25009.50,0.146341
1123,25014.00,25014.25,25011.75,0.514286
1124,25012.25,25014.50,25012.00,0.000000
1125,25013.75,25014.50,25010.75,0.028571
1126,25014.00,25016.00,25013.75,0.205882
1127,25010.75,25015.25,25010.50,0.279070
1128,25010.75,25011.75,25008.50,0.317073
1129,25009.00,25011.75,25008.50,0.155556
1130,25009.50,25010.00,25008.00,0.147059
1131,25012.25,25012.25,25008.75,0.371429
1132,25011.25,25013.75,25011.25,0.218750
1133,25010.25,25012.25,25009.25,0.222222
1134,25010.75,25012.25,25008.75,0.055556
1135,25010.50,25013.25,25010.25,0.026316
1136,25013.50,25014.50,25010.25,0.255814
1137,25014.50,25014.75,25012.75,0.432432
1138,25015.25,25015.75,25013.50,0.205882
1139,25013.00,25016.25,25012.50,0.187500
1140,25014.75,25016.50,25012.00,0.047619
1141,25016.75,25017.50,25014.50,0.333333
1142,25019.50,25019.75,25016.50,0.441860
1143,25019.50,25021.00,25018.50,0.314286
1144,25018.50,25020.25,25017.50,0.117647
1145,25019.50,25019.50,25017.50,0.000000
1146,25015.50,25019.75,25015.50,0.333333
1147,25017.75,25019.00,25014.00,0.155556
1148,25018.75,25021.25,25017.75,0.254902
1149,25019.50,25019.50,25017.25,0.162791
1150,25025.00,25025.00,25019.25,0.543478
1151,25020.75,25025.00,25019.75,0.094340
1152,25023.00,25023.25,25020.50,0.145455
1153,25021.00,25023.50,25021.00,0.023810
1154,25021.25,25022.50,25020.50,0.241379
1155,25024.75,25024.75,25021.00,0.454545
1156,25026.50,25027.25,25024.75,0.636364
1157,25022.50,25027.25,25022.50,0.204545
1158,25020.50,25022.75,25020.00,0.600000
1159,25017.00,25020.75,25017.00,0.488889
1160,25014.00,25017.50,25013.75,0.634146
1161,25013.25,25014.25,25012.50,0.405405
1162,25016.00,25016.00,25012.00,0.210526
1163,25015.50,25016.25,25013.00,0.250000
1164,25014.75,25016.00,25012.50,0.116279
1165,25017.50,25018.00,25014.75,0.200000
1166,25015.75,25019.00,25015.50,0.097561
1167,25014.00,25017.50,25014.00,0.341463
1168,25012.75,25014.50,25011.50,0.300000
1169,25017.00,25017.00,25012.00,0.260870
1170,25018.25,25019.75,25016.25,0.478261
1171,25018.75,25020.25,25017.75,0.159091
1172,25017.00,25020.00,25016.50,0.131579
1173,25014.50,25019.00,25014.25,0.395349
1174,25016.00,25016.00,25013.00,0.088889
1175,25015.25,25017.25,25015.00,0.075000
1176,25017.75,25018.25,25015.00,0.205882
1177,25017.75,25019.00,25017.25,0.344828
1178,25016.00,25018.25,25016.00,0.241379
1179,25013.00,25016.25,25012.75,0.633333
1180,25011.75,25013.50,25011.25,0.531250
1181,25014.75,25016.50,25011.75,0.166667
1182,25016.75,25016.75,25013.75,0.500000
1183,25015.00,25018.00,25014.00,0.021277
1184,25017.00,25017.25,25013.25,0.022727
1185,25018.00,25018.00,25015.00,0.272727
1186,25017.75,25018.50,25017.00,0.088235
1187,25016.50,25019.50,25016.50,0.200000
1188,25012.75,25018.00,25012.75,0.512821
1189,25012.00,25013.25,25011.50,0.450000
1190,25011.75,25012.50,25010.00,0.105263
1191,25011.00,25012.75,25010.25,0.148148
1192,25009.75,25011.75,25009.50,0.275862
1193,25007.50,25010.50,25007.50,0.451613
1194,25006.75,25008.75,25006.00,0.375000
1195,25005.25,25007.00,25005.25,0.300000
1196,25003.25,25005.50,25003.25,0.518519
1197,25003.25,25004.00,25002.00,0.333333
1198,25006.00,25006.75,25003.00,0.343750
1199,25002.25,25006.00,25001.75,0.100000
1200,25000.25,25002.50,24999.00,0.500000
1201,24999.00,25001.00,24999.00,0.333333
1202,24998.25,24999.75,24997.25,0.250000
1203,25001.75,25001.75,24998.00,0.333333
1204,25000.25,25002.50,24998.50,0.195122
1205,24997.00,24999.50,24996.50,0.441860
1206,24994.75,24997.50,24994.75,0.564103
1207,24994.75,24996.25,24993.75,0.272727
1208,24996.00,24996.25,24993.75,0.161290
1209,24997.75,24998.25,24995.50,0.387097
1210,25001.75,25001.75,24996.25,0.534884
1211,25003.00,25003.50,25000.25,0.456522
1212,25000.25,25004.50,25000.00,0.113208
1213,24997.50,25001.00,24996.75,0.458333
1214,24995.75,24999.00,24995.75,0.375000
1215,24993.75,24995.75,24993.75,0.394737
1216,24994.25,24995.75,24993.25,0.193548
1217,24994.00,24996.25,24993.75,0.035714
1218,24991.25,24995.00,24991.25,0.342857
1219,24992.75,24992.75,24990.75,0.151515
1220,24991.75,24994.25,24991.25,0.057143
1221,24991.25,24992.50,24990.25,0.206897
1222,24992.25,24993.75,24990.75,0.060606
1223,24991.75,24993.75,24991.50,0.066667
1224,24991.25,24992.75,24991.00,0.142857
1225,24989.75,24992.00,24989.75,0.320000
1226,24993.00,24993.00,24989.75,0.241379
1227,24995.25,24995.75,24990.75,0.523810
1228,24996.50,24996.50,24993.75,0.318182
1229,24997.75,24998.00,24995.25,0.238095
1230,24999.00,25000.00,24997.25,0.303030
1231,25000.00,25000.25,24998.25,0.300000
1232,24995.25,25000.25,24995.25,0.384615
1233,24996.75,24996.75,24994.25,0.342105
1234,24999.50,25000.00,24996.75,0.395349
1235,24996.00,24999.75,24995.50,0.075000
1236,24996.75,24997.00,24994.75,0.282051
1237,24996.25,24999.25,24996.25,0.026316
1238,24997.75,24997.75,24994.75,0.121212
1239,25000.00,25000.25,24997.75,0.441176
1240,24998.50,25000.00,24997.25,0.090909
1241,24996.75,24998.75,24996.50,0.433333
1242,25000.75,25001.00,24996.25,0.230769
1243,25001.00,25001.50,24999.00,0.447368
1244,25003.00,25003.00,25001.00,0.243243
1245,25003.75,25004.25,25002.50,0.440000
1246,25012.00,25012.00,25003.50,0.734694
1247,25011.75,25016.50,25007.75,0.421053
1248,25009.00,25014.25,25008.00,0.127660
1249,25008.50,25011.75,25006.25,0.158537
1250,25009.75,25011.00,25007.00,0.047619
1251,25008.00,25010.25,25005.25,0.034483
1252,25009.00,25009.50,25007.50,0.068182
1253,25010.25,25011.75,25009.00,0.230769
1254,25010.50,25010.75,25007.25,0.181818
1255,25006.25,25011.25,25006.25,0.355556
1256,25005.00,25008.75,25005.00,0.448980
1257,25003.25,25006.25,25001.25,0.218182
1258,25003.75,25005.25,25002.50,0.108696
1259,25008.00,25009.50,25003.50,0.345455
1260,25006.50,25010.00,25006.00,0.215686
1261,25003.00,25006.25,25001.75,0.344828
1262,25000.75,25003.75,25000.50,0.489362
1263,24997.00,25000.75,24996.25,0.489796
1264,24997.75,24998.25,24995.75,0.292683
1265,24998.25,25000.75,24997.50,0.121951
1266,24996.50,24999.00,24996.00,0.142857
1267,24993.50,24996.50,24993.00,0.487179
1268,24992.50,24993.50,24991.00,0.444444
1269,24992.50,24993.50,24990.50,0.111111
1270,24993.00,24994.75,24991.50,0.057143
1271,24996.25,24996.25,24992.75,0.384615
1272,24994.00,24997.75,24993.50,0.090909
1273,24997.25,24997.75,24993.50,0.083333
1274,25000.75,25000.75,24996.00,0.509434
1275,25001.50,25002.00,24999.00,0.354167
1276,25000.50,25002.00,24998.50,0.022222
1277,24998.00,25001.25,24996.50,0.311111
1278,24996.75,25000.25,24996.75,0.319149
1279,25000.00,25000.50,24996.00,0.156863
1280,25000.00,25001.50,24997.75,0.276596
1281,25002.00,25002.75,24999.25,0.170213
1282,25000.75,25002.75,24999.50,0.071429
1283,25003.25,25006.50,25000.50,0.098039
1284,25005.00,25005.75,25002.25,0.333333
1285,25004.00,25006.00,25003.75,0.063830
1286,25003.00,25004.25,25001.25,0.228571
1287,25005.00,25005.25,25000.75,0.102564
1288,25005.50,25006.75,25004.75,0.263158
1289,25006.75,25006.75,25004.25,0.194444
1290,25007.75,25009.25,25006.75,0.321429
1291,25009.25,25010.00,25007.50,0.333333
1292,25006.25,25009.75,25005.00,0.153846
1293,25006.25,25007.75,25005.25,0.307692
1294,25009.25,25009.50,25005.75,0.272727
1295,25010.75,25011.00,25008.00,0.486486
1296,25011.75,25012.75,25010.75,0.285714
1297,25013.25,25013.50,25011.50,0.357143
1298,25014.25,25015.00,25012.25,0.370370
1299,25008.25,25014.50,25008.25,0.454545
1300,25011.25,25012.00,25008.25,0.235294
1301,25009.75,25012.75,25009.00,0.109091
1302,25008.75,25010.00,25007.75,0.256410
1303,25007.25,25009.00,25006.50,0.294118
1304,25007.00,25008.00,25006.25,0.269231
1305,25005.25,25007.25,25005.00,0.307692
1306,25004.25,25006.25,25003.50,0.407407
1307,25002.25,25005.00,25002.25,0.387097
1308,25006.00,25006.75,25002.00,0.170732
1309,25009.00,25009.00,25006.00,0.642857
1310,25012.50,25012.50,25009.00,0.577778
1311,25012.25,25013.25,25010.50,0.351351
1312,25007.50,25012.25,25007.00,0.434783
1313,25009.25,25009.75,25006.75,0.272727
1314,25008.50,25010.50,25007.75,0.090909
1315,25010.50,25010.50,25008.00,0.151515
1316,25009.25,25010.75,25007.75,0.090909
1317,25006.25,25009.25,25006.25,0.500000
1318,25005.75,25006.50,25004.75,0.451613
1319,25004.75,25006.00,25004.00,0.222222
1320,25004.50,25006.00,25003.75,0.208333
1321,25003.25,25005.25,25003.25,0.240000
1322,25004.00,25004.00,25002.50,0.086957
1323,25006.00,25007.25,25004.00,0.407407
1324,25003.25,25006.25,25002.75,0.090909
1325,25002.75,25003.75,25002.50,0.406250
1326,25002.75,25003.75,25002.25,0.080000
1327,25002.75,25003.00,25002.00,0.000000
1328,25003.00,25004.00,25002.00,0.055556
1329,25000.50,25003.25,25000.25,0.375000
1330,25000.75,25001.50,25000.00,0.346154
1331,24999.75,25001.50,24999.50,0.115385
1332,25001.00,25001.00,24998.50,0.041667
1333,24999.75,25001.25,24998.75,0.000000
1334,24998.75,25000.25,24998.25,0.321429
1335,24999.00,24999.75,24998.25,0.125000
1336,24996.50,24999.25,24996.50,0.360000
1337,24997.75,24999.00,24996.25,0.178571
1338,24998.75,24999.25,24997.50,0.310345
