lookback,inner_mult,outer_mult,martingale,total_trades,total_pnl,up_days,down_days,flat_days,trading_days,win_day_pct,avg_up_day,avg_down_day,worst_day,max_drawdown,pnl_maxdd_ratio,largest_single_loss,ev_per_trade,profit_factor,trades_per_day
30,1.25,1.5,m1.5_max2,10433,75964.27,42,18,0,60,70.0,3035.33,-2862.2,-6767.1,11883.26,6.3925,-474.91,7.28,1.0857,173.88
20,1.0,2.0,m1.5_max2,16224,51417.62,42,18,0,60,70.0,3841.48,-6106.91,-23343.23,25873.57,1.9873,-1524.29,3.17,1.0229,270.4
20,0.75,1.25,m1.5_max2,13838,64274.45,40,20,0,60,66.67,3046.03,-2878.35,-10994.33,14839.05,4.3314,-681.91,4.64,1.0563,230.63
40,1.25,2.5,m2.0_max2,7070,82220.15,40,20,0,60,66.67,4947.09,-5783.16,-14369.04,28904.84,2.8445,-2432.95,11.63,1.0422,117.83
75,0.5,3.0,none,5802,42534.95,40,20,0,60,66.67,2827.39,-3528.03,-9130.66,23038.18,1.8463,-2135.8,7.33,1.045,96.7
40,1.25,3.0,m1.5_max2,5770,40602.05,40,20,0,60,66.67,3821.24,-5612.37,-12519.75,34501.25,1.1768,-2965.67,7.04,1.0283,96.17
30,1.25,1.5,none,10433,41216.1,39,21,0,60,65.0,1828.26,-1432.67,-3904.85,5875.32,7.0151,-237.46,3.95,1.0818,173.88
30,1.25,1.5,m2.0_max2,10433,79144.89,39,21,0,60,65.0,3485.65,-2704.54,-7284.65,11677.19,6.7777,-474.91,7.59,1.0835,173.88
75,1.5,2.5,none,3896,56937.33,39,21,0,60,65.0,3093.37,-3033.53,-8239.5,11793.53,4.8278,-1229.45,14.61,1.0684,64.93
75,1.5,2.5,m1.5_max2,3896,96734.54,39,21,0,60,65.0,5223.58,-5094.53,-12594.59,24400.66,3.9644,-2458.9,24.83,1.0769,64.93
100,1.5,2.0,m2.0_max2,4744,104549.75,39,21,0,60,65.0,5337.82,-4934.54,-15478.06,27948.77,3.7408,-1471.2,22.04,1.0789,79.07
100,1.5,3.0,m1.5_max2,2273,57853.32,39,21,0,60,65.0,4117.52,-4891.9,-11522.75,19491.96,2.9681,-3553.8,25.45,1.0618,37.88
20,1.25,1.75,m1.5_max2,16588,79375.91,39,21,0,60,65.0,4308.88,-4222.4,-15331.91,28196.89,2.8151,-803.39,4.79,1.0431,276.47
100,1.5,2.0,m1.5_max2,4744,89328.41,39,21,0,60,65.0,5036.29,-5099.37,-17345.62,32791.3,2.7241,-1471.2,18.83,1.0731,79.07
100,1.5,3.0,m2.0_max2,2273,66686.84,39,21,0,60,65.0,4859.57,-5849.36,-14460.48,26691.54,2.4984,-3553.8,29.34,1.0602,37.88
75,0.5,2.0,m1.5_max2,7317,55451.44,39,21,0,60,65.0,3477.92,-3818.44,-13915.53,23344.29,2.3754,-2897.53,7.58,1.0421,121.95
30,1.5,2.0,m2.0_max2,12678,39041.3,39,21,0,60,65.0,3963.76,-5502.17,-11676.89,37671.19,1.0364,-896.38,3.08,1.0192,211.3
30,1.0,2.0,m1.5_max2,11390,30244.32,39,21,0,60,65.0,3485.77,-5033.37,-12334.45,30850.76,0.9803,-1792.77,2.66,1.0155,189.83
20,1.5,1.75,m1.5_max2,13252,123295.93,38,22,0,60,63.33,4701.47,-2516.37,-8626.54,11993.4,10.2803,-431.02,9.3,1.1241,220.87
20,1.0,1.25,m1.5_max2,9990,67411.0,38,22,0,60,63.33,2614.91,-1452.52,-4731.9,7165.85,9.4073,-340.96,6.75,1.1093,166.5
20,1.5,1.75,m2.0_max2,13252,117778.52,38,22,0,60,63.33,4559.41,-2521.78,-8942.15,12556.97,9.3795,-431.02,8.89,1.1117,220.87
20,1.0,1.25,m2.0_max2,9990,72723.33,38,22,0,60,63.33,2848.41,-1614.38,-4976.66,8330.71,8.7295,-347.92,7.28,1.1089,166.5
20,1.0,1.25,none,9990,43479.53,38,22,0,60,63.33,1670.64,-909.31,-2776.03,5209.79,8.3457,-234.86,4.35,1.1201,166.5
100,0.75,1.75,none,4430,46621.84,38,22,0,60,63.33,2570.06,-2320.01,-6955.52,8594.39,5.4247,-1464.46,10.52,1.0555,73.83
20,0.75,1.25,none,13838,43871.92,38,22,0,60,63.33,2106.31,-1644.0,-6675.59,8772.9,5.0008,-469.71,3.17,1.0566,230.63
100,1.5,3.0,none,2273,52992.89,38,22,0,60,63.33,2898.4,-2597.56,-7367.81,10967.11,4.832,-1776.9,23.31,1.0782,37.88
20,0.75,1.25,m2.0_max2,13838,70001.97,38,22,0,60,63.33,3639.52,-3104.53,-12550.38,15609.17,4.4847,-705.42,5.06,1.0531,230.63
100,1.5,2.0,none,4744,61553.15,38,22,0,60,63.33,2992.58,-2371.13,-6616.09,13953.11,4.4114,-735.6,12.97,1.0858,79.07
50,0.5,1.75,m1.5_max2,10581,68928.18,38,22,0,60,63.33,4021.87,-3813.76,-11969.26,16623.16,4.1465,-2542.48,6.51,1.0454,176.35
40,1.25,1.75,m1.5_max2,10605,92026.86,38,22,0,60,63.33,4602.74,-3767.15,-15371.43,23515.37,3.9135,-1005.81,8.68,1.0562,176.75
50,0.5,1.75,none,10581,44712.91,38,22,0,60,63.33,2868.25,-2921.85,-10602.12,11700.78,3.8214,-1271.24,4.23,1.0358,176.35
20,0.5,1.25,m1.5_max2,15124,49460.84,38,22,0,60,63.33,2780.59,-2554.62,-8940.18,13603.91,3.6358,-934.71,3.27,1.0409,252.07
40,1.25,1.75,m2.0_max2,10605,79449.23,38,22,0,60,63.33,4619.21,-4367.31,-16898.0,29024.64,2.7373,-1005.81,7.49,1.0439,176.75
40,1.25,2.5,none,7070,40159.91,38,22,0,60,63.33,2888.66,-3164.06,-8451.14,15636.09,2.5684,-1216.48,5.68,1.0341,117.83
100,0.5,2.0,none,5526,43877.03,38,22,0,60,63.33,2729.8,-2720.7,-6720.3,18407.03,2.3837,-1818.36,7.94,1.0461,92.1
40,1.0,2.0,m2.0_max2,8761,65550.15,38,22,0,60,63.33,4815.92,-5338.86,-13187.06,28542.57,2.2966,-1873.18,7.48,1.0324,146.02
30,1.25,2.0,m2.0_max2,11704,63611.29,38,22,0,60,63.33,4408.87,-4723.91,-10388.77,27912.66,2.2789,-1344.58,5.44,1.0285,195.07
100,1.25,1.5,none,6018,38049.29,38,22,0,60,63.33,2369.04,-2362.47,-12651.26,17074.05,2.2285,-381.7,6.32,1.075,100.3
40,1.25,3.0,none,5770,39694.45,38,22,0,60,63.33,3022.21,-3415.89,-9074.26,21061.86,1.8847,-1482.83,6.88,1.0361,96.17
30,1.5,2.0,m1.5_max2,12678,43543.1,38,22,0,60,63.33,3812.43,-4605.88,-11691.21,30851.04,1.4114,-896.38,3.43,1.0234,211.3
75,0.5,3.0,m2.0_max2,5802,18271.47,38,22,0,60,63.33,3837.2,-5797.37,-15552.99,44851.63,0.4074,-4138.31,3.15,1.0143,96.7
20,1.0,3.0,m2.0_max2,12509,18779.94,38,22,0,60,63.33,4640.25,-7161.34,-21081.79,51117.17,0.3674,-2306.3,1.5,1.0078,208.48
30,0.5,3.0,m1.5_max2,13543,7265.0,38,22,0,60,63.33,3018.36,-4883.3,-13850.67,30651.55,0.237,-4055.99,0.54,1.0045,225.72
20,1.5,1.75,none,13252,58863.96,37,23,0,60,61.67,2393.15,-1290.55,-5053.37,6971.42,8.4436,-225.61,4.44,1.1058,220.87
20,1.25,1.5,none,11806,36240.41,37,23,0,60,61.67,1610.03,-1014.38,-4725.23,5986.97,6.0532,-237.3,3.07,1.0774,196.77
75,1.5,2.5,m2.0_max2,3896,117399.45,37,23,0,60,61.67,6292.61,-5018.57,-13532.03,20782.92,5.6488,-2458.9,30.13,1.0817,64.93
50,1.5,2.0,m1.5_max2,8381,98182.35,37,23,0,60,61.67,5557.42,-4671.4,-14872.59,21484.26,4.57,-1154.55,11.71,1.0628,139.68
100,1.5,2.5,none,3007,48875.83,37,23,0,60,61.67,2895.97,-2533.7,-7790.42,11459.91,4.2649,-1282.41,16.25,1.0663,50.12
40,1.25,1.5,m2.0_max2,9436,89422.35,37,23,0,60,61.67,4306.49,-3039.9,-8672.58,23109.35,3.8695,-502.91,9.48,1.0912,157.27
40,1.25,1.5,m1.5_max2,9436,88597.66,37,23,0,60,61.67,4243.57,-2974.53,-8608.77,22955.88,3.8595,-502.91,9.39,1.0965,157.27
20,1.25,1.75,none,16588,51946.3,37,23,0,60,61.67,2793.29,-2235.02,-8049.38,13653.69,3.8046,-451.22,3.13,1.046,276.47
100,0.75,2.0,m2.0_max2,4082,70060.23,37,23,0,60,61.67,4492.97,-4181.73,-12876.84,19895.13,3.5215,-3030.6,17.16,1.0529,68.03
20,0.5,1.25,m2.0_max2,15124,62593.22,37,23,0,60,61.67,3456.48,-2838.98,-10320.99,17910.49,3.4948,-1058.12,4.14,1.0429,252.07
75,1.5,3.0,m2.0_max2,2951,95324.33,37,23,0,60,61.67,6200.08,-5829.5,-13824.04,27843.17,3.4236,-3153.11,32.3,1.0763,49.18
100,1.5,2.5,m2.0_max2,3007,70524.26,37,23,0,60,61.67,5394.9,-5612.47,-15898.0,24433.46,2.8864,-2564.82,23.45,1.055,50.12
30,1.25,2.0,m1.5_max2,11704,58421.03,37,23,0,60,61.67,3972.21,-3850.03,-9244.71,21996.53,2.6559,-1344.58,4.99,1.0297,195.07
100,1.25,3.0,none,2331,36984.67,37,23,0,60,61.67,2864.43,-2999.97,-7157.85,15008.44,2.4643,-2105.19,15.87,1.0532,38.85
100,0.75,3.0,none,3147,39883.63,37,23,0,60,61.67,2959.24,-3026.45,-9187.33,16574.2,2.4064,-2653.38,12.67,1.0514,52.45
75,0.5,2.5,m1.5_max2,6577,57755.55,37,23,0,60,61.67,3685.52,-3417.77,-11122.08,24145.25,2.392,-3348.68,8.78,1.0482,109.62
100,1.25,2.0,m2.0_max2,3899,68881.25,37,23,0,60,61.67,5420.72,-5725.46,-19902.05,34212.12,2.0134,-2126.35,17.67,1.051,64.98
40,1.25,2.0,m2.0_max2,9187,65702.72,37,23,0,60,61.67,5073.14,-5304.5,-14484.44,33334.84,1.971,-1452.54,7.15,1.0324,153.12
50,1.25,1.5,m2.0_max2,8612,52095.03,37,23,0,60,61.67,3596.45,-3520.6,-9338.61,26671.69,1.9532,-562.69,6.05,1.0522,143.53
75,1.25,3.0,none,3082,39771.15,37,23,0,60,61.67,3097.58,-3253.89,-7876.85,20404.34,1.9492,-1779.71,12.9,1.0493,51.37
100,1.25,1.5,m2.0_max2,6018,73681.11,37,23,0,60,61.67,4813.94,-4540.63,-24932.61,39979.35,1.843,-763.4,12.24,1.0767,100.3
75,0.5,2.0,none,7317,44938.77,37,23,0,60,61.67,3030.48,-2921.26,-8102.85,25344.82,1.7731,-1492.7,6.14,1.0405,121.95
75,0.5,1.75,m1.5_max2,7581,45921.37,37,23,0,60,61.67,3660.94,-3892.76,-11870.91,28082.59,1.6352,-2377.13,6.06,1.0345,126.35
30,1.0,1.25,none,9367,13899.26,37,23,0,60,61.67,1288.52,-1468.52,-4504.16,10004.32,1.3893,-240.22,1.48,1.0333,156.12
40,1.0,2.0,none,8761,24447.22,37,23,0,60,61.67,2503.8,-2964.93,-6803.94,19438.37,1.2577,-936.59,2.79,1.0202,146.02
75,0.75,2.5,m2.0_max2,4791,32943.17,37,23,0,60,61.67,4162.45,-5263.81,-14503.95,29177.79,1.129,-3373.61,6.88,1.0224,79.85
100,0.5,2.0,m1.5_max2,5526,27143.38,37,23,0,60,61.67,3334.97,-4184.8,-10800.05,31408.14,0.8642,-3636.72,4.91,1.0237,92.1
75,0.5,3.0,m1.5_max2,5802,25786.61,37,23,0,60,61.67,3231.13,-4076.74,-15176.26,37818.32,0.6819,-4138.31,4.44,1.0242,96.7
100,0.75,3.0,m2.0_max2,3147,19113.5,37,23,0,60,61.67,4031.56,-5654.53,-14617.4,31667.86,0.6036,-5306.77,6.07,1.0172,52.45
40,0.5,2.0,m1.5_max2,12572,13518.15,37,23,0,60,61.67,3212.95,-4580.91,-11504.64,29288.94,0.4615,-2809.76,1.08,1.0079,209.53
75,1.0,3.0,m2.0_max2,3381,14725.56,37,23,0,60,61.67,4078.23,-5920.39,-13991.79,39122.03,0.3764,-4077.56,4.36,1.0116,56.35
20,0.75,3.0,m2.0_max2,14962,9615.7,37,23,0,60,61.67,4490.16,-6805.22,-15832.36,52630.0,0.1827,-2661.68,0.64,1.004,249.37
100,1.0,2.0,none,3712,57603.7,36,24,0,60,60.0,2920.35,-1980.37,-6427.93,6525.72,8.8272,-1323.47,15.52,1.0721,61.87
40,1.5,1.75,none,9808,45927.56,36,24,0,60,60.0,2150.73,-1312.45,-5037.89,6566.66,6.994,-257.18,4.68,1.0807,163.47
100,0.75,2.0,none,4082,56108.02,36,24,0,60,60.0,2979.47,-2131.37,-8030.25,12336.46,4.5481,-1515.3,13.75,1.0663,68.03
40,1.25,1.5,none,9436,47846.08,36,24,0,60,60.0,2342.85,-1520.69,-4494.37,10603.67,4.5122,-251.45,5.07,1.092,157.27
20,0.5,1.25,none,15124,36033.75,36,24,0,60,60.0,2172.43,-1757.24,-5567.94,8588.33,4.1957,-586.46,2.38,1.0382,252.07
50,0.5,1.75,m2.0_max2,10581,75193.65,36,24,0,60,60.0,4705.85,-3925.71,-13511.56,19833.99,3.7912,-2542.48,7.11,1.0407,176.35
100,1.5,2.5,m1.5_max2,3007,73817.65,36,24,0,60,60.0,4852.22,-4202.59,-14281.33,21176.67,3.4858,-2564.82,24.55,1.0657,50.12
50,1.5,1.75,m1.5_max2,8839,60672.87,36,24,0,60,60.0,4271.92,-3879.84,-12933.96,19940.47,3.0427,-577.28,6.86,1.0586,147.32
50,0.5,2.0,none,10362,52480.31,36,24,0,60,60.0,3435.36,-2966.37,-9862.14,17972.76,2.92,-1484.85,5.06,1.0408,172.7
100,0.75,1.5,none,5007,26369.25,36,24,0,60,60.0,2197.74,-2197.89,-7469.6,9320.84,2.8291,-1121.78,5.27,1.0326,83.45
40,1.0,2.0,m1.5_max2,8761,61171.61,36,24,0,60,60.0,4424.13,-4087.37,-13169.16,23634.24,2.5883,-1873.18,6.98,1.0355,146.02
50,1.0,1.5,m1.5_max2,9152,52492.94,36,24,0,60,60.0,3547.08,-3133.41,-9760.34,20958.18,2.5047,-1118.48,5.74,1.0368,152.53
75,0.5,2.5,none,6577,50412.92,36,24,0,60,60.0,3170.43,-2655.1,-10055.16,20700.73,2.4353,-1887.0,7.67,1.0478,109.62
75,1.25,2.0,m2.0_max2,5090,63931.38,36,24,0,60,60.0,5245.96,-5205.13,-13370.54,28588.89,2.2362,-2198.18,12.56,1.0413,84.83
75,1.25,2.0,none,5090,32711.0,36,24,0,60,60.0,2654.37,-2618.59,-7499.83,14864.61,2.2006,-1099.09,6.43,1.0373,84.83
40,1.25,3.0,m2.0_max2,5770,79233.89,36,24,0,60,60.0,5425.6,-4836.98,-14339.05,36824.31,2.1517,-2965.67,13.73,1.0461,96.17
100,0.5,3.0,none,4449,46910.63,36,24,0,60,60.0,3221.38,-2877.46,-7565.6,21954.35,2.1367,-2639.92,10.54,1.056,74.15
50,0.75,1.75,m1.5_max2,8239,39721.49,36,24,0,60,60.0,3813.8,-4065.65,-12748.15,20159.95,1.9703,-2105.81,4.82,1.0259,137.32
100,0.75,2.5,none,3647,34853.73,36,24,0,60,60.0,2911.4,-2914.85,-9108.39,18704.3,1.8634,-1996.47,9.56,1.0406,60.78
75,0.75,1.75,m2.0_max2,5723,52532.84,36,24,0,60,60.0,4643.06,-4775.73,-13741.95,30068.97,1.7471,-2730.47,9.18,1.034,95.38
100,1.25,1.5,m1.5_max2,6018,62946.09,36,24,0,60,60.0,4556.92,-4212.63,-24390.09,36205.22,1.7386,-763.4,10.46,1.0694,100.3
75,0.5,1.75,m2.0_max2,7581,56414.33,36,24,0,60,60.0,4658.87,-4637.71,-14844.54,34230.43,1.6481,-2974.24,7.44,1.0351,126.35
75,1.5,3.0,m1.5_max2,2951,38878.69,36,24,0,60,60.0,4289.42,-4814.18,-12619.44,24451.02,1.5901,-3153.11,13.17,1.0366,49.18
100,0.75,1.5,m2.0_max2,5007,38969.6,36,24,0,60,60.0,3766.41,-4025.88,-14854.73,25768.98,1.5123,-2243.55,7.78,1.0287,83.45
75,0.5,1.75,none,7581,37165.37,36,24,0,60,60.0,2840.09,-2711.57,-8780.72,24926.72,1.491,-1487.12,4.9,1.0342,126.35
50,0.75,2.0,none,7733,27493.16,36,24,0,60,60.0,2907.27,-3215.36,-7616.51,18597.24,1.4783,-1237.37,3.56,1.0235,128.88
50,0.75,1.75,m2.0_max2,8239,36815.15,36,24,0,60,60.0,4390.61,-5051.95,-13180.65,25144.55,1.4641,-2267.31,4.47,1.0202,137.32
100,0.5,3.0,m1.5_max2,4449,41452.01,36,24,0,60,60.0,3223.93,-3108.73,-11284.94,30279.4,1.369,-5046.14,9.32,1.0445,74.15
100,1.25,3.0,m1.5_max2,2331,28616.41,36,24,0,60,60.0,3895.0,-4650.15,-15390.09,21578.1,1.3262,-4210.39,12.28,1.0315,38.85
75,1.25,1.5,none,7189,19584.11,36,24,0,60,60.0,2057.86,-2270.78,-7327.06,17145.79,1.1422,-376.15,2.72,1.0365,119.82
20,1.0,2.0,none,16224,20302.92,36,24,0,60,60.0,2862.13,-3447.24,-14602.05,18560.41,1.0939,-762.14,1.25,1.0128,270.4
40,0.5,1.75,m1.5_max2,12604,19901.57,36,24,0,60,60.0,3189.59,-3955.16,-10079.31,27084.32,0.7348,-2478.08,1.58,1.0119,210.07
75,1.0,2.0,m1.5_max2,4835,21347.82,36,24,0,60,60.0,3779.77,-4780.16,-10760.16,30889.57,0.6911,-2293.36,4.42,1.0159,80.58
20,1.25,2.0,m1.5_max2,16482,17518.94,36,24,0,60,60.0,3808.51,-4982.82,-24895.74,31776.29,0.5513,-1205.09,1.06,1.0077,274.7
20,0.5,1.75,none,19595,11398.16,36,24,0,60,60.0,2535.19,-3327.86,-8451.17,23213.71,0.491,-932.38,0.58,1.0072,326.58
30,1.5,2.0,none,12678,9827.19,36,24,0,60,60.0,2083.49,-2715.77,-6663.3,22740.52,0.4321,-448.19,0.78,1.0089,211.3
75,1.25,3.0,m1.5_max2,3082,12733.64,36,24,0,60,60.0,3725.96,-5058.37,-13307.3,30263.91,0.4208,-3559.42,4.13,1.012,51.37
20,0.5,1.75,m1.5_max2,19595,9943.8,36,24,0,60,60.0,3152.0,-4313.68,-12251.74,30156.53,0.3297,-1693.79,0.51,1.0052,326.58
40,1.5,1.75,m1.5_max2,9808,97573.6,35,25,0,60,58.33,4260.15,-2061.27,-9055.91,13328.45,7.3207,-514.36,9.95,1.0949,163.47
75,1.5,3.0,none,2951,55822.42,35,25,0,60,58.33,3601.67,-2809.44,-8354.12,13459.01,4.1476,-1576.55,18.92,1.0728,49.18
20,0.5,1.5,m1.5_max2,17739,64233.44,35,25,0,60,58.33,4079.15,-3141.48,-14600.66,16519.99,3.8882,-1417.19,3.62,1.0403,295.65
50,1.5,2.0,m2.0_max2,8381,96060.89,35,25,0,60,58.33,5850.48,-4348.24,-15851.5,24787.83,3.8753,-1154.55,11.46,1.0564,139.68
75,1.25,2.5,m2.0_max2,3778,89597.06,35,25,0,60,58.33,5834.47,-4584.37,-13177.91,25119.87,3.5668,-2557.54,23.72,1.063,62.97
40,1.25,2.0,m1.5_max2,9187,77192.11,35,25,0,60,58.33,5048.2,-3979.79,-11270.16,22479.83,3.4338,-1452.54,8.4,1.0432,153.12
50,1.5,2.0,none,8381,50137.83,35,25,0,60,58.33,3081.98,-2309.26,-8586.58,14848.67,3.3766,-577.28,5.98,1.0543,139.68
75,1.25,2.5,none,3778,45855.46,35,25,0,60,58.33,3152.01,-2578.59,-7723.0,13858.17,3.3089,-1278.77,12.14,1.0532,62.97
100,1.25,2.0,none,3899,44827.65,35,25,0,60,58.33,3082.78,-2522.79,-8284.49,14099.92,3.1793,-1063.17,11.5,1.0587,64.98
40,1.25,1.75,none,10605,44389.49,35,25,0,60,58.33,2710.38,-2018.95,-8413.66,15010.63,2.9572,-502.91,4.19,1.0447,176.75
20,1.0,1.5,m2.0_max2,15630,88392.53,35,25,0,60,58.33,5151.17,-3675.93,-15372.52,29918.27,2.9545,-708.59,5.66,1.0515,260.5
20,1.25,1.75,m2.0_max2,16588,80268.69,35,25,0,60,58.33,5213.76,-4088.52,-15607.35,28007.38,2.866,-803.39,4.84,1.0393,276.47
50,1.25,2.0,m1.5_max2,7373,76325.74,35,25,0,60,58.33,5141.09,-4144.49,-19604.25,26732.07,2.8552,-1630.21,10.35,1.0474,122.88
50,1.25,1.5,m1.5_max2,8612,56866.6,35,25,0,60,58.33,3788.33,-3029.0,-9381.36,20177.49,2.8183,-562.69,6.6,1.0607,143.53
40,1.25,2.0,none,9187,39393.13,35,25,0,60,58.33,3009.98,-2638.25,-7588.89,15817.2,2.4905,-726.27,4.29,1.0343,153.12
40,1.0,1.25,m1.5_max2,8895,45520.82,35,25,0,60,58.33,2840.93,-2156.46,-5632.05,18660.82,2.4394,-525.89,5.12,1.058,148.25
100,0.75,1.75,m2.0_max2,4430,50670.59,35,25,0,60,58.33,4485.37,-4252.69,-13158.04,20804.95,2.4355,-2928.91,11.44,1.0371,73.83
40,1.25,2.5,m1.5_max2,7070,64298.49,35,25,0,60,58.33,5028.01,-4467.27,-14230.66,27351.54,2.3508,-2432.95,9.09,1.0387,117.83
75,1.5,2.0,m2.0_max2,6009,61761.81,35,25,0,60,58.33,5454.65,-5166.03,-13432.85,26308.58,2.3476,-1335.25,10.28,1.0415,100.15
50,0.5,2.0,m1.5_max2,10362,52967.28,35,25,0,60,58.33,4030.24,-3523.64,-11739.92,23059.4,2.297,-2969.69,5.11,1.0344,172.7
50,0.75,2.5,m2.0_max2,7039,67937.78,35,25,0,60,58.33,5233.45,-4609.32,-16533.13,30943.64,2.1955,-3899.26,9.65,1.0395,117.32
75,1.25,2.0,m1.5_max2,5090,59409.36,35,25,0,60,58.33,4895.37,-4477.14,-11862.21,27461.58,2.1634,-2198.18,11.67,1.0433,84.83
50,1.5,1.75,none,8839,27328.14,35,25,0,60,58.33,2335.86,-2177.07,-7523.74,12647.15,2.1608,-288.64,3.09,1.0479,147.32
50,0.5,2.5,none,9572,37909.36,35,25,0,60,58.33,3340.08,-3159.74,-9452.21,18001.41,2.1059,-1713.6,3.96,1.0301,159.53
75,0.5,2.0,m2.0_max2,7317,64551.91,35,25,0,60,58.33,4771.44,-4097.93,-13688.59,31534.39,2.047,-2897.53,8.82,1.0406,121.95
20,0.5,1.5,m2.0_max2,17739,57220.64,35,25,0,60,58.33,4685.73,-4271.19,-16526.89,28132.73,2.034,-1490.72,3.23,1.0292,295.65
75,1.25,3.0,m2.0_max2,3082,66392.35,35,25,0,60,58.33,5576.96,-5152.05,-13796.8,32930.22,2.0162,-3559.42,21.54,1.0527,51.37
100,1.25,2.5,m2.0_max2,2893,50579.5,35,25,0,60,58.33,5298.75,-5395.07,-16506.57,25438.53,1.9883,-2961.5,17.48,1.0401,48.22
75,0.5,1.25,none,7916,20707.57,35,25,0,60,58.33,2221.28,-2281.48,-8182.26,10430.43,1.9853,-968.1,2.62,1.0228,131.93
20,1.5,2.0,m1.5_max2,17171,56864.66,35,25,0,60,58.33,4721.91,-4336.09,-20786.08,31069.14,1.8303,-837.34,3.31,1.0274,286.18
50,0.5,3.0,m2.0_max2,8582,52760.66,35,25,0,60,58.33,4593.17,-4320.01,-14037.97,29818.82,1.7694,-3906.52,6.15,1.0344,143.03
100,0.75,1.25,m2.0_max2,5883,38313.14,35,25,0,60,58.33,3733.04,-3693.73,-10398.03,23465.68,1.6327,-1574.71,6.51,1.0308,98.05
30,1.25,2.0,none,11704,24847.53,35,25,0,60,58.33,2394.07,-2357.79,-6467.26,15958.94,1.557,-672.29,2.12,1.0195,195.07
100,1.25,2.5,m1.5_max2,2893,38985.38,35,25,0,60,58.33,4609.27,-4893.56,-13907.61,26688.94,1.4607,-2961.5,13.48,1.036,48.22
50,0.5,1.5,none,10659,20266.93,35,25,0,60,58.33,2581.05,-2802.8,-10537.63,15629.68,1.2967,-1052.19,1.9,1.0174,177.65
20,1.0,2.0,m2.0_max2,16224,40901.75,35,25,0,60,58.33,5026.64,-5401.23,-27218.77,31560.84,1.296,-1524.29,2.52,1.0155,270.4
100,1.25,1.75,m2.0_max2,4984,43060.54,35,25,0,60,58.33,5127.01,-5455.39,-19902.6,34357.12,1.2533,-1464.46,8.64,1.0323,83.07
30,0.75,1.25,none,12282,18306.98,35,25,0,60,58.33,1700.25,-1648.08,-4267.62,14704.8,1.245,-480.45,1.49,1.0218,204.7
50,0.5,2.5,m1.5_max2,9572,28831.3,35,25,0,60,58.33,3835.65,-4216.66,-11641.19,23811.86,1.2108,-3427.21,3.01,1.0199,159.53
75,0.75,2.0,m2.0_max2,5362,33715.27,35,25,0,60,58.33,4385.09,-4790.52,-11859.0,32401.89,1.0405,-3073.62,6.29,1.0217,89.37
100,0.5,3.0,m2.0_max2,4449,37484.85,35,25,0,60,58.33,4264.96,-4471.55,-10605.2,37302.28,1.0049,-5046.14,8.43,1.0336,74.15
30,0.75,1.75,m2.0_max2,12781,31088.6,35,25,0,60,58.33,4052.12,-4429.43,-19322.98,30948.7,1.0045,-1824.52,2.43,1.0143,213.02
75,0.75,1.5,m1.5_max2,6403,22806.31,35,25,0,60,58.33,3609.92,-4141.63,-11216.09,23489.06,0.9709,-1945.47,3.56,1.0175,106.72
100,1.25,1.75,m1.5_max2,4984,33028.81,35,25,0,60,58.33,4722.83,-5290.81,-18268.81,39206.24,0.8424,-1410.17,6.63,1.0272,83.07
40,1.0,1.75,m2.0_max2,9777,33760.17,35,25,0,60,58.33,4159.9,-4473.46,-13259.12,43611.38,0.7741,-1486.85,3.45,1.0172,162.95
40,1.5,2.5,m2.0_max2,7220,23313.65,35,25,0,60,58.33,5213.91,-6366.93,-18273.82,34579.5,0.6742,-1841.1,3.23,1.0118,120.33
75,0.75,2.0,m1.5_max2,5362,18851.39,35,25,0,60,58.33,3591.9,-4274.61,-13052.06,31150.95,0.6052,-3073.62,3.52,1.0144,89.37
20,1.0,2.5,m2.0_max2,14468,25796.66,35,25,0,60,58.33,5357.6,-6468.78,-21054.6,42965.66,0.6004,-1980.87,1.78,1.0097,241.13
30,0.5,2.5,m2.0_max2,15000,15095.02,35,25,0,60,58.33,4535.07,-5745.3,-15214.7,34399.51,0.4388,-2885.74,1.01,1.0069,250.0
30,0.5,3.0,m2.0_max2,13543,14496.84,35,25,0,60,58.33,4529.05,-5760.8,-17616.77,42655.15,0.3399,-4055.99,1.07,1.0074,225.72
30,0.5,2.5,none,15000,5494.55,35,25,0,60,58.33,2526.26,-3316.98,-9986.93,19246.0,0.2855,-1442.87,0.37,1.0035,250.0
20,0.75,2.0,none,17587,4251.76,35,25,0,60,58.33,2868.37,-3845.64,-12350.5,24505.37,0.1735,-952.68,0.24,1.0025,293.12
100,0.5,2.5,m2.0_max2,5007,4561.82,35,25,0,60,58.33,3859.83,-5221.29,-12890.58,31175.47,0.1463,-4036.91,0.91,1.0035,83.45
30,1.0,2.5,m1.5_max2,9774,740.87,35,25,0,60,58.33,3544.07,-4932.06,-12252.51,32457.57,0.0228,-2433.59,0.08,1.0004,162.9
40,1.5,1.75,m2.0_max2,9808,94666.37,34,26,0,60,56.67,4519.24,-2268.76,-9831.87,12511.61,7.5663,-514.36,9.65,1.0873,163.47
20,1.25,1.5,m1.5_max2,11806,58008.48,34,26,0,60,56.67,2887.16,-1544.42,-9292.56,10972.04,5.2869,-419.68,4.91,1.0705,196.77
75,1.5,1.75,m1.5_max2,6968,64958.94,34,26,0,60,56.67,4807.3,-3788.05,-12649.82,19013.12,3.4165,-748.76,9.32,1.0662,116.13
20,1.0,1.5,none,15630,51584.03,34,26,0,60,56.67,2998.02,-1936.48,-7256.86,15493.72,3.3294,-419.68,3.3,1.053,260.5
20,1.0,1.5,m1.5_max2,15630,84476.81,34,26,0,60,56.67,4848.74,-3091.55,-14263.84,25452.89,3.3189,-708.59,5.4,1.0558,260.5
50,1.0,1.25,none,8324,24959.26,34,26,0,60,56.67,1690.03,-1250.07,-4298.3,7588.06,3.2893,-277.51,3.0,1.0522,138.73
30,1.25,1.75,m1.5_max2,12802,68468.09,34,26,0,60,56.67,4732.03,-3554.65,-8990.27,21113.08,3.2429,-921.84,5.35,1.0396,213.37
30,1.5,1.75,none,11113,23101.95,34,26,0,60,56.67,1902.56,-1599.42,-3803.15,7325.76,3.1535,-226.01,2.08,1.0409,185.22
100,1.0,1.5,m2.0_max2,5369,72433.3,34,26,0,60,56.67,5133.58,-3927.24,-16784.79,23028.03,3.1454,-1526.8,13.49,1.056,89.48
100,1.25,2.5,none,2893,35147.64,34,26,0,60,56.67,3079.87,-2675.7,-7312.23,13519.5,2.5998,-1480.75,12.15,1.0463,48.22
100,0.75,2.0,m1.5_max2,4082,43998.55,34,26,0,60,56.67,3880.0,-3381.6,-11404.53,18498.93,2.3784,-3030.6,10.78,1.0393,68.03
30,1.25,1.75,m2.0_max2,12802,57541.02,34,26,0,60,56.67,4653.44,-3872.16,-10976.29,25529.45,2.2539,-921.84,4.49,1.03,213.37
40,1.0,1.25,m2.0_max2,8895,47364.75,34,26,0,60,56.67,3210.23,-2376.27,-7335.46,21325.42,2.221,-525.89,5.32,1.0559,148.25
100,1.0,1.75,m1.5_max2,4365,49909.75,34,26,0,60,56.67,4685.12,-4207.09,-13991.27,23169.63,2.1541,-2126.35,11.43,1.0414,72.75
100,1.25,2.0,m1.5_max2,3899,63833.3,34,26,0,60,56.67,5393.67,-4598.14,-18065.21,31487.99,2.0272,-2126.35,16.37,1.0532,64.98
75,1.25,2.5,m1.5_max2,3778,50283.58,34,26,0,60,56.67,4606.69,-4090.15,-11990.94,25448.01,1.9759,-2557.54,13.31,1.0412,62.97
100,0.75,1.75,m1.5_max2,4430,37230.44,34,26,0,60,56.67,3940.38,-3720.86,-13996.94,18977.06,1.9619,-2428.98,8.4,1.032,73.83
75,0.5,2.5,m2.0_max2,6577,56639.64,34,26,0,60,56.67,4646.34,-3897.54,-12014.88,30569.41,1.8528,-3457.01,8.61,1.0391,109.62
50,0.5,1.5,m1.5_max2,10659,35014.51,34,26,0,60,56.67,3714.78,-3511.07,-13515.15,18968.3,1.8459,-2104.37,3.28,1.0238,177.65
50,0.5,3.0,none,8582,33562.34,34,26,0,60,56.67,3351.36,-3091.68,-9414.67,18306.05,1.8334,-1953.26,3.91,1.0291,143.03
20,1.0,1.75,none,16661,32228.87,34,26,0,60,56.67,2997.4,-2680.11,-10901.77,17653.84,1.8256,-602.55,1.93,1.0234,277.68
20,0.5,1.5,none,17739,30486.03,34,26,0,60,56.67,2717.43,-2381.03,-8723.7,17421.54,1.7499,-745.36,1.72,1.0236,295.65
100,0.5,1.75,none,5859,33987.62,34,26,0,60,56.67,2974.61,-2582.65,-7458.72,21498.97,1.5809,-1830.57,5.8,1.0351,97.65
30,1.0,1.25,m1.5_max2,9367,24125.47,34,26,0,60,56.67,2364.86,-2164.6,-7393.93,15423.96,1.5642,-480.45,2.58,1.0335,156.12
20,1.5,2.0,none,17171,30323.16,34,26,0,60,56.67,2796.07,-2490.12,-11948.86,19720.03,1.5377,-423.3,1.77,1.0246,286.18
50,0.75,3.0,m2.0_max2,6238,48502.12,34,26,0,60,56.67,4997.58,-4669.84,-16564.89,31702.79,1.5299,-3641.72,7.78,1.0314,103.97
50,1.5,2.5,m1.5_max2,5822,46028.59,34,26,0,60,56.67,5149.22,-4963.27,-15347.48,30657.06,1.5014,-2290.61,7.91,1.0295,97.03
75,0.75,1.75,none,5723,26389.72,34,26,0,60,56.67,2624.35,-2416.86,-8490.03,17590.92,1.5002,-1365.23,4.61,1.0276,95.38
75,0.5,1.25,m1.5_max2,7916,27013.16,34,26,0,60,56.67,3510.84,-3552.13,-12724.65,18110.09,1.4916,-1936.2,3.41,1.0225,131.93
50,0.75,2.0,m1.5_max2,7733,38623.53,34,26,0,60,56.67,4174.8,-3973.83,-12451.75,26276.23,1.4699,-2474.75,4.99,1.0252,128.88
100,1.25,3.0,m2.0_max2,2331,42928.9,34,26,0,60,56.67,5236.76,-5196.97,-14263.77,29477.16,1.4563,-4210.39,18.42,1.0394,38.85
75,0.75,1.5,m2.0_max2,6403,29533.27,34,26,0,60,56.67,4178.8,-4328.69,-12048.36,20407.56,1.4472,-2256.9,4.61,1.0195,106.72
75,0.75,1.75,m1.5_max2,5723,39534.28,34,26,0,60,56.67,3979.14,-3682.94,-16342.74,28413.44,1.3914,-1946.66,6.91,1.0302,95.38
20,0.75,1.75,m1.5_max2,17391,41427.85,34,26,0,60,56.67,4274.96,-3996.95,-20908.5,30279.29,1.3682,-1421.35,2.38,1.0206,289.85
40,1.0,3.0,m2.0_max2,6298,36617.41,34,26,0,60,56.67,4671.3,-4700.26,-14385.5,29032.52,1.2613,-3542.63,5.81,1.0215,104.97
40,1.5,3.0,m2.0_max2,5526,48813.17,34,26,0,60,56.67,5271.99,-5016.71,-14543.12,39132.32,1.2474,-2656.97,8.83,1.0278,92.1
100,0.5,2.0,m2.0_max2,5526,36610.64,34,26,0,60,56.67,4159.97,-4031.86,-12143.92,29959.77,1.222,-3636.72,6.63,1.0266,92.1
20,1.5,2.0,m2.0_max2,17171,46138.33,34,26,0,60,56.67,5107.28,-4904.2,-21876.32,38076.11,1.2117,-846.61,2.69,1.0203,286.18
75,0.5,1.25,m2.0_max2,7916,23284.6,34,26,0,60,56.67,3956.11,-4277.81,-12331.37,19519.89,1.1929,-1936.2,2.94,1.0162,131.93
40,1.0,2.5,m2.0_max2,7346,34955.05,34,26,0,60,56.67,4863.98,-5016.17,-11410.29,29336.83,1.1915,-2770.38,4.76,1.0182,122.43
50,1.25,3.0,m2.0_max2,4568,45526.37,34,26,0,60,56.67,5606.72,-5580.85,-21492.74,41507.55,1.0968,-3023.81,9.97,1.0296,76.13
30,1.0,1.25,m2.0_max2,9367,17846.7,34,26,0,60,56.67,2496.45,-2578.18,-8346.23,18008.15,0.991,-480.45,1.91,1.023,156.12
75,0.75,3.0,none,4098,18720.4,34,26,0,60,56.67,2963.65,-3155.52,-7907.18,19232.28,0.9734,-2171.65,4.57,1.0213,68.3
100,0.5,1.25,none,6404,14746.45,34,26,0,60,56.67,2096.22,-2174.04,-9424.35,17834.03,0.8269,-1181.04,2.3,1.0175,106.73
40,1.5,2.5,m1.5_max2,7220,21603.06,34,26,0,60,56.67,5142.67,-5894.14,-16313.34,32681.11,0.661,-1841.1,2.99,1.0125,120.33
30,0.75,3.0,m2.0_max2,10156,18822.64,34,26,0,60,56.67,4927.36,-5719.52,-13442.29,36501.8,0.5157,-3521.09,1.85,1.0095,169.27
30,1.5,3.0,m2.0_max2,7328,23670.56,34,26,0,60,56.67,5103.88,-5763.89,-14547.68,46675.52,0.5071,-2249.4,3.23,1.0118,122.13
40,1.5,2.5,none,7220,9462.53,34,26,0,60,56.67,2927.45,-3464.25,-11126.86,20028.63,0.4725,-920.55,1.31,1.0083,120.33
30,1.0,3.0,m2.0_max2,8349,14072.05,34,26,0,60,56.67,4485.45,-5324.36,-14187.24,30904.68,0.4553,-3043.85,1.69,1.0072,139.15
30,1.25,3.0,m2.0_max2,7591,20356.82,34,26,0,60,56.67,4757.93,-5438.95,-12785.06,46849.13,0.4345,-2663.37,2.68,1.0103,126.52
40,1.0,2.5,m1.5_max2,7346,12870.54,34,26,0,60,56.67,3787.63,-4458.03,-14704.76,31353.15,0.4105,-2770.38,1.75,1.008,122.43
40,1.0,1.5,none,10683,10186.17,34,26,0,60,56.67,1803.74,-1966.97,-4545.59,27247.77,0.3738,-525.89,0.95,1.0109,178.05
100,1.5,1.75,m1.5_max2,6031,25277.57,34,26,0,60,56.67,4440.95,-4835.18,-24818.67,68554.62,0.3687,-770.65,4.19,1.0259,100.52
30,1.5,3.0,m1.5_max2,7328,15495.58,34,26,0,60,56.67,4316.05,-5048.08,-12363.61,43133.63,0.3592,-2249.4,2.11,1.0092,122.13
30,1.5,2.5,m1.5_max2,9541,12978.67,34,26,0,60,56.67,4298.13,-5121.45,-12207.76,39585.9,0.3279,-1499.6,1.36,1.0066,159.02
20,1.25,2.0,none,16482,6543.77,34,26,0,60,56.67,2488.93,-3003.08,-13888.56,21053.53,0.3108,-634.95,0.4,1.0044,274.7
40,1.0,1.5,m2.0_max2,10683,11820.97,34,26,0,60,56.67,3282.87,-3838.33,-10120.32,46380.47,0.2549,-1051.79,1.11,1.0071,178.05
40,0.5,2.0,m2.0_max2,12572,8914.98,34,26,0,60,56.67,4104.09,-5024.0,-14918.78,36997.17,0.241,-2809.76,0.71,1.0043,209.53
40,1.0,3.0,m1.5_max2,6298,6195.01,34,26,0,60,56.67,3457.04,-4282.47,-16105.19,26109.48,0.2373,-3542.63,0.98,1.0044,104.97
50,1.5,3.0,m1.5_max2,4440,9953.24,34,26,0,60,56.67,4830.21,-5933.61,-17253.3,51943.62,0.1916,-3314.55,2.24,1.0074,74.0
30,1.5,2.5,m2.0_max2,9541,7948.08,34,26,0,60,56.67,4689.25,-5826.41,-16864.66,44343.04,0.1792,-1604.27,0.83,1.0035,159.02
30,1.5,3.0,none,7328,5108.25,34,26,0,60,56.67,2741.58,-3388.67,-11125.04,29767.28,0.1716,-1124.7,0.7,1.0042,122.13
75,0.75,2.5,m1.5_max2,4791,2109.76,34,26,0,60,56.67,3412.48,-4381.33,-12950.2,31316.19,0.0674,-3373.61,0.44,1.0017,79.85
20,1.25,1.5,m2.0_max2,11806,64876.07,33,27,0,60,55.0,3408.16,-1762.71,-9426.3,11903.34,5.4502,-419.68,5.5,1.0738,196.77
30,1.5,1.75,m2.0_max2,11113,54433.82,33,27,0,60,55.0,3984.45,-2853.81,-7020.14,12629.16,4.3102,-452.02,4.9,1.0506,185.22
100,1.0,2.0,m2.0_max2,3712,88252.4,33,27,0,60,55.0,5777.54,-3792.83,-13873.52,21835.91,4.0416,-2646.93,23.77,1.0661,61.87
100,1.0,3.0,none,2598,45672.42,33,27,0,60,55.0,3351.04,-2404.15,-7348.14,13854.4,3.2966,-2322.09,17.58,1.0625,43.3
75,1.5,2.0,m1.5_max2,6009,79908.57,33,27,0,60,55.0,6063.85,-4451.8,-11787.1,26103.24,3.0613,-1335.25,13.3,1.0584,100.15
30,1.0,1.5,m1.5_max2,12609,43365.21,33,27,0,60,55.0,3501.85,-2673.92,-10944.81,14962.29,2.8983,-929.4,3.44,1.0287,210.15
50,1.0,1.75,m1.5_max2,8020,60518.51,33,27,0,60,55.0,4801.5,-3627.08,-16065.7,21125.88,2.8647,-1630.21,7.55,1.0386,133.67
75,1.5,1.75,m2.0_max2,6968,62189.89,33,27,0,60,55.0,4949.04,-3745.5,-11184.29,22253.8,2.7946,-748.76,8.93,1.0602,116.13
50,1.0,1.75,m2.0_max2,8020,70112.51,33,27,0,60,55.0,5183.31,-3738.4,-19161.2,27466.54,2.5527,-1700.49,8.74,1.0389,133.67
50,0.5,2.0,m2.0_max2,10362,65626.22,33,27,0,60,55.0,5385.96,-4152.24,-15438.45,26156.91,2.5089,-2969.69,6.33,1.0352,172.7
75,1.0,1.25,m2.0_max2,7057,41010.79,33,27,0,60,55.0,3050.56,-2209.54,-5315.53,16775.87,2.4446,-746.7,5.81,1.0446,117.62
50,1.25,1.75,m1.5_max2,8792,58024.83,33,27,0,60,55.0,4830.06,-3754.33,-19505.75,24981.95,2.3227,-1154.55,6.6,1.0379,146.53
100,1.0,3.0,m1.5_max2,2598,41873.16,33,27,0,60,55.0,4121.16,-3486.11,-9094.15,18302.62,2.2878,-4644.18,16.12,1.0461,43.3
50,1.5,1.75,m2.0_max2,8839,54348.75,33,27,0,60,55.0,4801.62,-3855.73,-14160.16,24390.34,2.2283,-577.28,6.15,1.0499,147.32
100,1.0,1.5,m1.5_max2,5369,55818.37,33,27,0,60,55.0,4692.45,-3667.87,-16621.74,25416.36,2.1962,-1526.8,10.4,1.0481,89.48
50,1.0,2.0,m1.5_max2,7014,52890.51,33,27,0,60,55.0,4877.36,-4002.31,-16793.39,26911.51,1.9653,-2191.33,7.54,1.0339,116.9
100,0.75,1.25,none,5883,20062.2,33,27,0,60,55.0,2129.63,-1859.84,-5674.75,10219.74,1.9631,-787.36,3.41,1.028,98.05
40,1.5,2.0,m1.5_max2,10181,52321.24,33,27,0,60,55.0,4832.24,-3968.24,-10680.6,27656.0,1.8919,-1028.72,5.14,1.0305,169.68
20,0.75,1.5,m1.5_max2,16590,45219.74,33,27,0,60,55.0,4056.07,-3282.61,-20505.57,23954.41,1.8877,-1062.89,2.73,1.0267,276.5
75,1.0,1.25,none,7057,18386.68,33,27,0,60,55.0,1566.0,-1233.01,-3061.83,9784.79,1.8791,-373.35,2.61,1.0373,117.62
50,1.5,2.5,m2.0_max2,5822,56633.83,33,27,0,60,55.0,6067.3,-5318.04,-17734.35,30892.32,1.8333,-2290.61,9.73,1.0319,97.03
40,1.0,1.25,none,8895,22768.85,33,27,0,60,55.0,1690.28,-1222.6,-4012.93,12426.77,1.8322,-262.95,2.56,1.05,148.25
75,0.75,1.5,none,6403,20404.89,33,27,0,60,55.0,2393.3,-2169.41,-7045.22,13290.27,1.5353,-1128.45,3.19,1.0225,106.72
30,0.75,1.25,m2.0_max2,12282,31512.1,33,27,0,60,55.0,3010.96,-2512.94,-8621.23,20893.97,1.5082,-960.9,2.57,1.0219,204.7
100,1.0,3.0,m2.0_max2,2598,41657.75,33,27,0,60,55.0,5237.81,-4858.89,-13834.0,27821.12,1.4973,-4644.18,16.03,1.038,43.3
100,0.5,1.5,none,6067,20914.79,33,27,0,60,55.0,2800.1,-2647.73,-8192.32,14893.59,1.4043,-1495.7,3.45,1.0227,101.12
20,1.0,1.75,m1.5_max2,16661,45611.53,33,27,0,60,55.0,4723.7,-4084.09,-17653.51,33322.2,1.3688,-1205.09,2.74,1.0225,277.68
40,1.0,1.75,m1.5_max2,9777,42159.65,33,27,0,60,55.0,4070.64,-3413.75,-10464.53,30866.27,1.3659,-1486.85,4.31,1.0247,162.95
50,0.5,2.5,m2.0_max2,9572,42075.5,33,27,0,60,55.0,5016.49,-4572.92,-13261.77,30849.21,1.3639,-3427.21,4.4,1.0241,159.53
50,1.5,3.0,m2.0_max2,4440,45993.87,33,27,0,60,55.0,5834.7,-5427.82,-16654.66,35675.54,1.2892,-3314.55,10.36,1.0292,74.0
75,1.25,1.5,m2.0_max2,7189,37477.55,33,27,0,60,55.0,4344.25,-3921.59,-14008.54,29664.65,1.2634,-667.35,5.21,1.0369,119.82
50,1.5,2.5,none,5822,26634.22,33,27,0,60,55.0,3184.0,-2905.1,-10126.32,22542.0,1.1815,-1145.31,4.57,1.026,97.03
100,0.5,2.5,none,5007,24785.25,33,27,0,60,55.0,3239.13,-3040.96,-7801.09,22276.32,1.1126,-2185.99,4.95,1.0265,83.45
40,1.0,3.0,none,6298,20016.13,33,27,0,60,55.0,2812.14,-2695.73,-8579.21,18409.33,1.0873,-1771.32,3.18,1.0176,104.97
75,1.25,1.5,m1.5_max2,7189,30167.19,33,27,0,60,55.0,4004.92,-3777.6,-14038.5,28119.2,1.0728,-667.35,4.2,1.0315,119.82
40,1.5,3.0,none,5526,23206.69,33,27,0,60,55.0,3099.41,-2928.66,-9407.34,22015.13,1.0541,-1328.49,4.2,1.0217,92.1
30,0.75,1.25,m1.5_max2,12282,17258.39,33,27,0,60,55.0,2444.84,-2348.94,-6646.45,17454.51,0.9888,-960.9,1.41,1.0137,204.7
50,0.75,1.75,none,8239,15035.59,33,27,0,60,55.0,2664.57,-2699.82,-9101.79,15488.35,0.9708,-1133.66,1.82,1.0133,137.32
75,1.0,1.75,m1.5_max2,5584,25611.74,33,27,0,60,55.0,4258.15,-4255.83,-15245.93,29225.8,0.8763,-1830.71,4.59,1.0189,93.07
75,0.75,2.0,none,5362,17946.98,33,27,0,60,55.0,2612.54,-2528.41,-6517.3,21679.31,0.8278,-1536.81,3.35,1.0181,89.37
75,1.0,2.5,m2.0_max2,3926,27065.61,33,27,0,60,55.0,4574.78,-4588.97,-12714.91,33234.43,0.8144,-3153.11,6.89,1.0191,65.43
100,0.75,3.0,m1.5_max2,3147,15880.61,33,27,0,60,55.0,3347.76,-3503.54,-11294.41,21904.25,0.725,-5306.77,5.05,1.0171,52.45
20,0.75,1.75,none,17391,15581.22,33,27,0,60,55.0,2919.9,-2991.69,-12343.66,21736.93,0.7168,-745.9,0.9,1.0103,289.85
40,1.0,1.75,none,9777,16439.45,33,27,0,60,55.0,2309.57,-2213.93,-6112.87,23723.93,0.6929,-743.42,1.68,1.0144,162.95
100,0.5,1.75,m1.5_max2,5859,24202.22,33,27,0,60,55.0,3797.14,-3744.57,-12275.21,35124.74,0.689,-3661.14,4.13,1.0202,97.65
100,0.5,1.25,m2.0_max2,6404,19617.38,33,27,0,60,55.0,3625.14,-3704.16,-16656.97,30864.05,0.6356,-2362.07,3.06,1.0147,106.73
100,0.75,1.25,m1.5_max2,5883,18362.64,33,27,0,60,55.0,3323.2,-3381.59,-9693.06,31886.34,0.5759,-1574.71,3.12,1.0167,98.05
100,0.75,2.5,m2.0_max2,3647,14748.71,33,27,0,60,55.0,4356.04,-4777.8,-14400.0,27414.56,0.538,-3992.94,4.04,1.0115,60.78
20,0.75,2.0,m2.0_max2,17587,20465.65,33,27,0,60,55.0,5446.29,-5898.59,-21354.33,38195.85,0.5358,-1905.36,1.16,1.0077,293.12
100,1.5,1.75,m2.0_max2,6031,29810.95,33,27,0,60,55.0,4743.07,-4692.97,-23978.25,61277.97,0.4865,-770.65,4.94,1.0291,100.52
30,1.0,2.5,m2.0_max2,9774,12306.68,33,27,0,60,55.0,4438.21,-4968.68,-14460.94,27576.75,0.4463,-2433.59,1.26,1.0055,162.9
100,0.75,1.5,m1.5_max2,5007,10695.98,33,27,0,60,55.0,3512.6,-3897.04,-19546.35,37929.19,0.282,-2243.55,2.14,1.0091,83.45
50,0.75,1.5,m2.0_max2,9000,11997.02,33,27,0,60,55.0,4198.55,-4687.23,-18130.01,42676.97,0.2811,-1677.72,1.33,1.0069,150.0
30,0.75,2.5,m2.0_max2,11515,7825.91,33,27,0,60,55.0,4698.73,-5453.04,-16654.46,37028.46,0.2113,-2663.37,0.68,1.0035,191.92
100,0.5,2.5,m1.5_max2,5007,4723.83,33,27,0,60,55.0,3360.64,-3932.49,-10278.97,26810.08,0.1762,-4036.91,0.94,1.0044,83.45
30,0.5,3.0,none,13543,3418.98,33,27,0,60,55.0,2767.38,-3255.72,-11346.48,22537.35,0.1517,-2028.0,0.25,1.0024,225.72
100,0.5,1.5,m1.5_max2,6067,5493.33,33,27,0,60,55.0,3539.71,-4122.85,-14405.44,37010.03,0.1484,-2991.4,0.91,1.0046,101.12
75,0.75,3.0,m1.5_max2,4098,3581.86,33,27,0,60,55.0,3628.33,-4301.96,-11756.49,31153.33,0.115,-4343.29,0.87,1.0034,68.3
20,1.0,2.5,m1.5_max2,14468,4204.66,33,27,0,60,55.0,4634.78,-5509.0,-17576.97,39968.56,0.1052,-1851.33,0.29,1.0019,241.13
75,0.75,3.0,m2.0_max2,4098,388.38,33,27,0,60,55.0,4391.77,-5353.34,-12971.77,36630.88,0.0106,-4343.29,0.09,1.0003,68.3
50,1.0,1.25,m1.5_max2,8324,61508.3,32,28,0,60,53.33,3498.15,-1801.17,-7396.09,8065.97,7.6257,-555.02,7.39,1.0745,138.73
50,1.0,1.25,m2.0_max2,8324,52529.37,32,28,0,60,53.33,3417.87,-2030.09,-7648.92,12488.58,4.2062,-555.02,6.31,1.0589,138.73
30,1.5,1.75,m1.5_max2,11113,50969.4,32,28,0,60,53.33,3994.51,-2744.82,-7381.41,14239.2,3.5795,-434.57,4.59,1.05,185.22
100,1.0,1.75,none,4365,41751.43,32,28,0,60,53.33,3084.03,-2033.48,-7274.12,12711.24,3.2846,-1098.34,9.57,1.0526,72.75
75,1.5,2.0,none,6009,41378.61,32,28,0,60,53.33,3273.0,-2262.76,-7523.58,13738.88,3.0118,-667.63,6.89,1.0514,100.15
100,1.0,1.5,none,5369,37066.17,32,28,0,60,53.33,2836.03,-1917.39,-8841.71,13470.68,2.7516,-763.4,6.9,1.0512,89.48
100,1.0,1.75,m2.0_max2,4365,66241.9,32,28,0,60,53.33,5632.31,-4071.14,-14853.34,24131.24,2.7451,-2196.69,15.18,1.0483,72.75
75,1.0,1.25,m1.5_max2,7057,47690.28,32,28,0,60,53.33,3222.31,-1979.42,-5209.54,17628.56,2.7053,-710.1,6.76,1.0556,117.62
50,1.25,2.0,m2.0_max2,7373,83174.74,32,28,0,60,53.33,6396.74,-4340.03,-21602.64,31673.95,2.626,-1630.21,11.28,1.0457,122.88
50,1.0,2.0,m2.0_max2,7014,65288.85,32,28,0,60,53.33,5760.17,-4251.31,-20069.2,33985.27,1.9211,-2191.33,9.31,1.0359,116.9
50,1.0,1.75,none,8020,30074.1,32,28,0,60,53.33,2876.84,-2213.75,-10247.15,16160.24,1.861,-850.24,3.75,1.0288,133.67
50,0.5,1.5,m2.0_max2,10659,38443.8,32,28,0,60,53.33,4647.08,-3937.96,-14509.75,22031.14,1.745,-2104.37,3.61,1.0216,177.65
40,1.5,2.0,m2.0_max2,10181,53031.36,32,28,0,60,53.33,5421.6,-4302.14,-10966.85,33748.73,1.5714,-1028.72,5.21,1.0284,169.68
50,1.25,1.5,none,8612,23861.23,32,28,0,60,53.33,2169.07,-1626.75,-4477.02,15302.73,1.5593,-281.35,2.77,1.0452,143.53
50,1.25,2.5,m2.0_max2,5619,62198.22,32,28,0,60,53.33,6385.47,-5076.32,-20757.28,40000.37,1.5549,-2700.52,11.07,1.0358,93.65
40,1.5,2.0,none,10181,22632.33,32,28,0,60,53.33,2744.14,-2327.86,-6005.26,17324.27,1.3064,-514.36,2.22,1.0223,169.68
50,0.75,3.0,none,6238,26391.14,32,28,0,60,53.33,3393.19,-2935.39,-8036.35,20646.53,1.2782,-1820.86,4.23,1.0242,103.97
50,1.0,1.5,m2.0_max2,9152,36031.49,32,28,0,60,53.33,4107.15,-3407.05,-10621.81,29959.86,1.2027,-1125.39,3.94,1.0225,152.53
50,0.75,2.5,m1.5_max2,7039,31607.18,32,28,0,60,53.33,4332.75,-3822.88,-16624.68,26909.56,1.1746,-3899.26,4.49,1.0221,117.32
100,1.0,2.5,m2.0_max2,3057,32097.05,32,28,0,60,53.33,5556.43,-5203.88,-13685.44,27908.28,1.1501,-3483.14,10.5,1.0255,50.95
30,0.75,1.75,m1.5_max2,12781,26920.11,32,28,0,60,53.33,3730.39,-3301.88,-16357.88,27760.87,0.9697,-1824.52,2.11,1.0148,213.02
75,0.75,2.5,none,4791,17215.25,32,28,0,60,53.33,2971.52,-2781.19,-8766.93,18101.21,0.9511,-1686.8,3.59,1.0173,79.85
20,0.75,1.75,m2.0_max2,17391,32206.81,32,28,0,60,53.33,5223.43,-4819.39,-22058.28,37762.4,0.8529,-1491.81,1.85,1.0133,289.85
40,1.5,3.0,m1.5_max2,5526,26459.39,32,28,0,60,53.33,5003.21,-4772.97,-14348.95,31247.37,0.8468,-2656.97,4.79,1.0178,92.1
50,0.5,3.0,m1.5_max2,8582,19563.59,32,28,0,60,53.33,3964.44,-3832.08,-13114.7,33755.39,0.5796,-3906.52,2.28,1.0152,143.03
75,1.0,2.0,none,4835,10881.49,32,28,0,60,53.33,2653.9,-2644.41,-6529.15,22118.61,0.492,-1146.68,2.25,1.0117,80.58
75,0.5,1.5,none,7762,14054.48,32,28,0,60,53.33,3018.84,-2948.16,-13920.12,32119.65,0.4376,-1264.23,1.81,1.0137,129.37
20,0.5,1.75,m2.0_max2,19595,16161.37,32,28,0,60,53.33,4517.05,-4585.15,-14110.65,39533.61,0.4088,-1864.76,0.82,1.0069,326.58
20,0.75,2.0,m1.5_max2,17587,13005.95,32,28,0,60,53.33,4664.74,-4866.63,-20247.56,33665.3,0.3863,-1905.36,0.74,1.0059,293.12
20,1.5,3.0,m1.5_max2,10928,12610.34,32,28,0,60,53.33,4463.92,-4651.25,-16034.61,33784.61,0.3733,-2181.49,1.15,1.0062,182.13
75,0.5,1.5,m1.5_max2,7762,8186.99,32,28,0,60,53.33,3796.37,-4046.31,-19803.66,52683.29,0.1554,-2094.37,1.05,1.0062,129.37
30,0.5,1.25,none,13444,2367.58,32,28,0,60,53.33,1553.04,-1690.35,-7361.9,18718.0,0.1265,-720.67,0.18,1.0023,224.07
20,1.25,3.0,m2.0_max2,11394,3690.45,32,28,0,60,53.33,4835.52,-5394.51,-16482.85,38945.01,0.0948,-2545.07,0.32,1.0015,189.9
30,0.75,1.75,none,12781,1502.14,32,28,0,60,53.33,2291.41,-2565.1,-10200.6,25517.2,0.0589,-912.26,0.12,1.0011,213.02
75,1.5,1.75,none,6968,29636.39,31,29,0,60,51.67,2690.23,-1853.82,-6460.06,10440.84,2.8385,-374.38,4.25,1.0548,116.13
100,1.0,2.5,none,3057,33103.37,31,29,0,60,51.67,3344.72,-2433.89,-7222.21,12535.14,2.6408,-1741.57,10.83,1.0416,50.95
40,0.75,1.75,m1.5_max2,10206,36674.57,31,29,0,60,51.67,3916.33,-2921.79,-8328.6,14627.93,2.5072,-1982.46,3.59,1.0216,170.1
100,1.0,2.0,m1.5_max2,3712,54374.66,31,29,0,60,51.67,5174.33,-3656.2,-12120.89,21843.71,2.4893,-2646.93,14.65,1.0471,61.87
100,1.25,1.75,none,4984,29618.43,31,29,0,60,51.67,3079.8,-2270.87,-6546.52,11942.86,2.48,-732.23,5.94,1.0407,83.07
50,1.25,2.0,none,7373,42813.55,31,29,0,60,51.67,3608.87,-2381.43,-12374.37,20072.27,2.133,-815.11,5.81,1.0415,122.88
20,0.75,1.5,none,16590,29242.9,31,29,0,60,51.67,2902.79,-2094.6,-12151.32,15221.86,1.9211,-629.51,1.76,1.024,276.5
30,1.25,1.75,none,12802,27687.49,31,29,0,60,51.67,2785.44,-2022.8,-5983.31,14419.93,1.9201,-460.92,2.16,1.0262,213.37
50,0.75,2.0,m2.0_max2,7733,53705.25,31,29,0,60,51.67,5489.41,-4016.08,-13256.55,29469.92,1.8224,-2474.75,6.94,1.0293,128.88
50,1.25,1.75,m2.0_max2,8792,50365.72,31,29,0,60,51.67,5203.19,-3825.28,-21311.72,36340.09,1.386,-1154.55,5.73,1.0298,146.53
50,1.0,2.0,none,7014,24701.14,31,29,0,60,51.67,3097.57,-2459.43,-11553.59,21157.51,1.1675,-1095.67,3.52,1.0226,116.9
30,1.0,1.5,none,12609,17418.81,31,29,0,60,51.67,2303.85,-1862.09,-6330.8,15685.19,1.1105,-464.7,1.38,1.0181,210.15
50,1.25,1.75,none,8792,23909.85,31,29,0,60,51.67,2799.63,-2168.24,-11541.81,21779.31,1.0978,-577.28,2.72,1.0258,146.53
50,1.0,1.5,none,9152,17182.23,31,29,0,60,51.67,2274.36,-1838.72,-6135.46,17616.01,0.9754,-562.69,1.88,1.0192,152.53
50,1.25,3.0,none,4568,27014.64,31,29,0,60,51.67,3710.25,-3034.59,-13239.41,28606.28,0.9444,-1511.9,5.91,1.0275,76.13
100,0.75,2.5,m1.5_max2,3647,17376.97,31,29,0,60,51.67,3970.41,-3645.02,-10198.36,22243.65,0.7812,-3992.94,4.76,1.0162,60.78
50,1.5,3.0,none,4440,22677.1,31,29,0,60,51.67,3497.86,-2957.12,-9501.29,29205.4,0.7765,-1657.27,5.11,1.0236,74.0
100,1.5,1.75,none,6031,20576.9,31,29,0,60,51.67,2716.91,-2194.73,-11708.47,30466.74,0.6754,-385.33,3.41,1.0384,100.52
30,1.25,2.5,m2.0_max2,9280,17885.67,31,29,0,60,51.67,4849.91,-4567.64,-12350.08,27377.47,0.6533,-2028.0,1.93,1.008,154.67
100,1.0,2.5,m1.5_max2,3057,17072.53,31,29,0,60,51.67,4768.13,-4508.26,-12635.99,26524.93,0.6436,-3483.14,5.58,1.0161,50.95
75,1.0,3.0,none,3381,11326.95,31,29,0,60,51.67,2917.03,-2727.62,-8586.31,20676.24,0.5478,-2038.78,3.35,1.0133,56.35
50,1.0,2.5,m2.0_max2,5848,20024.48,31,29,0,60,51.67,5617.04,-5313.93,-18841.59,40863.51,0.49,-3314.55,3.42,1.0116,97.47
40,1.0,1.5,m1.5_max2,10683,15441.04,31,29,0,60,51.67,3497.21,-3205.95,-9224.61,31993.16,0.4826,-1051.79,1.45,1.0103,178.05
30,1.0,2.0,m2.0_max2,11390,15695.97,31,29,0,60,51.67,4489.6,-4257.98,-15668.54,35978.6,0.4363,-1792.77,1.38,1.0068,189.83
100,0.5,1.5,m2.0_max2,6067,9639.07,31,29,0,60,51.67,4530.37,-4510.43,-15434.1,45143.36,0.2135,-2991.4,1.59,1.0068,101.12
40,0.75,2.5,m2.0_max2,8720,5060.88,31,29,0,60,51.67,4470.6,-4604.4,-13778.9,34364.74,0.1473,-3206.45,0.58,1.0026,145.33
75,1.0,2.5,m1.5_max2,3926,4451.82,31,29,0,60,51.67,3967.33,-4087.43,-10833.85,34021.47,0.1309,-3153.11,1.13,1.0037,65.43
20,1.5,3.0,m2.0_max2,10928,1795.28,31,29,0,60,51.67,5042.95,-5328.83,-17383.52,39889.51,0.045,-2181.49,0.16,1.0007,182.13
30,1.25,3.0,none,7591,1101.61,31,29,0,60,51.67,2828.28,-2985.34,-7421.67,28455.65,0.0387,-1331.68,0.15,1.0009,126.52
50,0.75,1.5,none,9000,836.47,31,29,0,60,51.67,2424.76,-2563.14,-11559.32,21781.76,0.0384,-838.86,0.09,1.0008,150.0
20,0.5,2.0,none,20774,555.63,31,29,0,60,51.67,3002.48,-3190.39,-9653.63,22003.93,0.0253,-1043.96,0.03,1.0003,346.23
20,1.5,2.5,m1.5_max2,14016,118.06,31,29,0,60,51.67,4664.36,-4981.97,-19406.01,37195.97,0.0032,-1674.69,0.01,1.0001,233.6
75,1.25,1.75,m1.5_max2,6355,60442.59,30,30,0,60,50.0,5721.62,-3706.87,-14557.75,28007.03,2.1581,-1497.51,9.51,1.0449,105.92
50,0.75,2.5,none,7039,34022.7,30,30,0,60,50.0,3690.42,-2556.33,-8162.72,19183.72,1.7735,-1949.63,4.83,1.0291,117.32
30,1.0,1.5,m2.0_max2,12609,32011.62,30,30,0,60,50.0,4099.87,-3032.81,-12300.39,19048.17,1.6806,-929.4,2.54,1.0188,210.15
20,0.75,1.5,m2.0_max2,16590,35160.69,30,30,0,60,50.0,4802.67,-3630.65,-22419.84,26762.5,1.3138,-1118.04,2.12,1.0175,276.5
75,1.0,1.75,m2.0_max2,5584,28283.42,30,30,0,60,50.0,5122.56,-4179.78,-14050.58,29464.95,0.9599,-2047.85,5.07,1.0182,93.07
100,0.5,1.75,m2.0_max2,5859,34970.58,30,30,0,60,50.0,5048.72,-3883.03,-14489.6,37138.56,0.9416,-3661.14,5.97,1.0243,97.65
75,1.0,2.5,none,3926,16698.69,30,30,0,60,50.0,2912.24,-2355.61,-7432.4,20026.93,0.8338,-1576.55,4.25,1.0185,65.43
75,1.0,2.0,m2.0_max2,4835,25015.08,30,30,0,60,50.0,5071.21,-4237.38,-11509.63,34559.96,0.7238,-2293.36,5.17,1.0161,80.58
50,1.0,3.0,none,5019,14508.24,30,30,0,60,50.0,3443.67,-2960.06,-11093.35,27940.13,0.5193,-1860.05,2.89,1.0143,83.65
30,1.25,2.5,m1.5_max2,9280,11069.61,30,30,0,60,50.0,4766.96,-4397.98,-11511.53,28640.14,0.3865,-2028.0,1.19,1.0058,154.67
30,0.5,2.0,m2.0_max2,15807,14345.85,30,30,0,60,50.0,4993.07,-4514.87,-20899.73,38668.31,0.371,-2689.15,0.91,1.0062,263.45
40,1.0,2.5,none,7346,8073.81,30,30,0,60,50.0,2928.68,-2659.56,-8443.57,22244.82,0.363,-1385.19,1.1,1.0066,122.43
75,1.0,1.75,none,5584,6551.71,30,30,0,60,50.0,2581.02,-2362.63,-7372.41,20655.02,0.3172,-1023.92,1.17,1.0073,93.07
40,0.75,1.75,m2.0_max2,10206,8413.9,30,30,0,60,50.0,4257.91,-3977.45,-11458.77,28535.77,0.2949,-1982.46,0.82,1.0041,170.1
50,1.0,2.5,none,5848,7112.79,30,30,0,60,50.0,3309.57,-3072.47,-11426.6,25526.51,0.2786,-1657.27,1.22,1.0065,97.47
50,1.25,3.0,m1.5_max2,4568,8804.04,30,30,0,60,50.0,5115.92,-4822.45,-16577.1,38882.94,0.2264,-2702.02,1.93,1.0068,76.13
40,0.75,3.0,m2.0_max2,7724,5109.71,30,30,0,60,50.0,4509.82,-4339.49,-12192.27,31662.84,0.1614,-3985.46,0.66,1.003,128.73
75,1.25,1.75,m2.0_max2,6355,68577.77,29,31,0,60,48.33,6213.69,-3600.62,-12617.13,26427.65,2.5949,-1497.51,10.79,1.0463,105.92
100,1.0,1.25,m1.5_max2,6281,32398.25,29,31,0,60,48.33,3826.74,-2534.75,-10356.48,13590.71,2.3839,-787.36,5.16,1.0378,104.68
100,1.0,1.25,m2.0_max2,6281,34830.33,29,31,0,60,48.33,4036.92,-2652.91,-10930.35,14770.48,2.3581,-787.36,5.55,1.038,104.68
20,1.0,1.75,m2.0_max2,16661,52962.5,29,31,0,60,48.33,6235.94,-4125.15,-20387.6,35172.87,1.5058,-1205.09,3.18,1.0225,277.68
50,1.25,2.5,m1.5_max2,5619,47240.45,29,31,0,60,48.33,5997.19,-4086.39,-17425.52,37710.9,1.2527,-2700.52,8.41,1.0318,93.65
50,1.25,2.5,none,5619,29467.27,29,31,0,60,48.33,4000.37,-2791.72,-12918.85,28909.73,1.0193,-1350.26,5.24,1.0281,93.65
30,1.0,1.75,m1.5_max2,12326,22931.39,29,31,0,60,48.33,4045.96,-3045.21,-9367.63,26012.57,0.8816,-1368.39,1.86,1.0124,205.43
50,1.0,3.0,m2.0_max2,5019,17372.03,29,31,0,60,48.33,5760.74,-4828.69,-16878.62,42994.17,0.4041,-3720.1,3.46,1.0114,83.65
100,0.5,1.25,m1.5_max2,6404,10067.49,29,31,0,60,48.33,3154.36,-2626.09,-14013.13,25712.2,0.3915,-2362.07,1.57,1.0089,106.73
50,1.0,2.5,m1.5_max2,5848,5378.44,29,31,0,60,48.33,4683.58,-4207.92,-13975.16,28837.13,0.1865,-3314.55,0.92,1.0037,97.47
50,0.75,1.5,m1.5_max2,9000,6072.33,29,31,0,60,48.33,3974.22,-3521.94,-15343.11,37311.39,0.1627,-1677.72,0.67,1.004,150.0
50,0.75,3.0,m1.5_max2,6238,2070.16,29,31,0,60,48.33,4251.65,-3910.57,-14805.97,30271.98,0.0684,-3641.72,0.33,1.0016,103.97
50,1.0,3.0,m1.5_max2,5019,1580.64,29,31,0,60,48.33,4453.19,-4114.9,-14142.41,32582.45,0.0485,-3315.48,0.31,1.0012,83.65
100,1.0,1.25,none,6281,17913.86,28,32,0,60,46.67,2082.34,-1262.24,-4902.13,6888.1,2.6007,-393.68,2.85,1.0366,104.68
75,1.25,1.75,none,6355,32792.22,28,32,0,60,46.67,3224.39,-1796.59,-6488.3,14557.76,2.2526,-748.76,5.16,1.0403,105.92
30,1.0,1.75,m2.0_max2,12326,19094.33,28,32,0,60,46.67,4726.48,-3538.97,-11975.57,31738.13,0.6016,-1368.39,1.55,1.0089,205.43
30,0.75,1.5,m2.0_max2,13115,134.56,28,32,0,60,46.67,3858.2,-3371.72,-12154.43,28537.68,0.0047,-1384.75,0.01,1.0001,218.58
30,0.5,1.5,none,14779,2053.47,27,33,0,60,45.0,2777.07,-2209.92,-8988.86,13816.52,0.1486,-912.26,0.14,1.0016,246.32
30,1.0,1.75,none,12326,1474.98,27,33,0,60,45.0,2541.87,-2035.01,-6977.88,18616.15,0.0792,-684.19,0.12,1.0012,205.43
30,0.5,1.5,m1.5_max2,14779,5172.0,26,34,0,60,43.33,3915.75,-2842.28,-12782.21,19664.38,0.263,-1634.28,0.35,1.0032,246.32
30,0.5,1.5,m2.0_max2,14779,5914.99,25,35,0,60,41.67,4978.33,-3386.95,-15410.28,28539.99,0.2073,-1707.07,0.4,1.003,246.32
