week,category,filter,window,threshold,cycles,wins,wr,stops,sr,revs,eods,pnl,er,retention,delta_sr,delta_pnl
W39,WORST,baseline,-,-,98,60,0.6122,37,0.3776,56,5,-18317.5,-186.9133,,,
W39,WORST,both|0.3,250,0.3,97,59,0.6082,37,0.3814,56,4,-18414.0,-189.8351,0.9898,0.0039,-96.5
W39,WORST,dir|0.3,250,0.3,98,60,0.6122,37,0.3776,56,5,-18317.5,-186.9133,1.0,0.0,0.0
W39,WORST,both|0.5,250,0.5,98,60,0.6122,37,0.3776,56,5,-18317.5,-186.9133,1.0,0.0,0.0
W39,WORST,dir|0.5,250,0.5,98,60,0.6122,37,0.3776,56,5,-18317.5,-186.9133,1.0,0.0,0.0
W39,WORST,both|0.7,250,0.7,98,60,0.6122,37,0.3776,56,5,-18317.5,-186.9133,1.0,0.0,0.0
W39,WORST,dir|0.7,250,0.7,98,60,0.6122,37,0.3776,56,5,-18317.5,-186.9133,1.0,0.0,0.0
W39,WORST,both|0.3,500,0.3,98,60,0.6122,37,0.3776,56,5,-18317.5,-186.9133,1.0,0.0,0.0
W39,WORST,dir|0.3,500,0.3,98,60,0.6122,37,0.3776,56,5,-18317.5,-186.9133,1.0,0.0,0.0
W39,WORST,both|0.5,500,0.5,98,60,0.6122,37,0.3776,56,5,-18317.5,-186.9133,1.0,0.0,0.0
W39,WORST,dir|0.5,500,0.5,98,60,0.6122,37,0.3776,56,5,-18317.5,-186.9133,1.0,0.0,0.0
W39,WORST,both|0.7,500,0.7,98,60,0.6122,37,0.3776,56,5,-18317.5,-186.9133,1.0,0.0,0.0
W39,WORST,dir|0.7,500,0.7,98,60,0.6122,37,0.3776,56,5,-18317.5,-186.9133,1.0,0.0,0.0
W48,BAD,baseline,-,-,170,119,0.7,50,0.2941,117,2,-4593.0,-27.0176,,,
W48,BAD,both|0.3,250,0.3,170,119,0.7,50,0.2941,117,2,-4593.0,-27.0176,1.0,0.0,0.0
W48,BAD,dir|0.3,250,0.3,170,119,0.7,50,0.2941,117,2,-4593.0,-27.0176,1.0,0.0,0.0
W48,BAD,both|0.5,250,0.5,170,119,0.7,50,0.2941,117,2,-4593.0,-27.0176,1.0,0.0,0.0
W48,BAD,dir|0.5,250,0.5,170,119,0.7,50,0.2941,117,2,-4593.0,-27.0176,1.0,0.0,0.0
W48,BAD,both|0.7,250,0.7,170,119,0.7,50,0.2941,117,2,-4593.0,-27.0176,1.0,0.0,0.0
W48,BAD,dir|0.7,250,0.7,170,119,0.7,50,0.2941,117,2,-4593.0,-27.0176,1.0,0.0,0.0
W48,BAD,both|0.3,500,0.3,170,119,0.7,50,0.2941,117,2,-4593.0,-27.0176,1.0,0.0,0.0
W48,BAD,dir|0.3,500,0.3,170,119,0.7,50,0.2941,117,2,-4593.0,-27.0176,1.0,0.0,0.0
W48,BAD,both|0.5,500,0.5,170,119,0.7,50,0.2941,117,2,-4593.0,-27.0176,1.0,0.0,0.0
W48,BAD,dir|0.5,500,0.5,170,119,0.7,50,0.2941,117,2,-4593.0,-27.0176,1.0,0.0,0.0
W48,BAD,both|0.7,500,0.7,170,119,0.7,50,0.2941,117,2,-4593.0,-27.0176,1.0,0.0,0.0
W48,BAD,dir|0.7,500,0.7,170,119,0.7,50,0.2941,117,2,-4593.0,-27.0176,1.0,0.0,0.0
W45,AVG,baseline,-,-,276,198,0.7174,74,0.2681,198,4,3088.0,11.1884,,,
W45,AVG,both|0.3,250,0.3,276,198,0.7174,74,0.2681,197,5,2686.5,9.7337,1.0,0.0,-401.5
W45,AVG,dir|0.3,250,0.3,276,198,0.7174,74,0.2681,198,4,3088.0,11.1884,1.0,0.0,0.0
W45,AVG,both|0.5,250,0.5,276,198,0.7174,74,0.2681,198,4,3088.0,11.1884,1.0,0.0,0.0
W45,AVG,dir|0.5,250,0.5,276,198,0.7174,74,0.2681,198,4,3088.0,11.1884,1.0,0.0,0.0
W45,AVG,both|0.7,250,0.7,276,198,0.7174,74,0.2681,198,4,3088.0,11.1884,1.0,0.0,0.0
W45,AVG,dir|0.7,250,0.7,276,198,0.7174,74,0.2681,198,4,3088.0,11.1884,1.0,0.0,0.0
W45,AVG,both|0.3,500,0.3,276,198,0.7174,74,0.2681,198,4,3088.0,11.1884,1.0,0.0,0.0
W45,AVG,dir|0.3,500,0.3,276,198,0.7174,74,0.2681,198,4,3088.0,11.1884,1.0,0.0,0.0
W45,AVG,both|0.5,500,0.5,276,198,0.7174,74,0.2681,198,4,3088.0,11.1884,1.0,0.0,0.0
W45,AVG,dir|0.5,500,0.5,276,198,0.7174,74,0.2681,198,4,3088.0,11.1884,1.0,0.0,0.0
W45,AVG,both|0.7,500,0.7,276,198,0.7174,74,0.2681,198,4,3088.0,11.1884,1.0,0.0,0.0
W45,AVG,dir|0.7,500,0.7,276,198,0.7174,74,0.2681,198,4,3088.0,11.1884,1.0,0.0,0.0
W44,GOOD,baseline,-,-,186,141,0.7581,40,0.2151,141,5,17991.5,96.7285,,,
W44,GOOD,both|0.3,250,0.3,185,140,0.7568,40,0.2162,140,5,17840.0,96.4324,0.9946,0.0012,-151.5
W44,GOOD,dir|0.3,250,0.3,185,140,0.7568,40,0.2162,140,5,17480.0,94.4865,0.9946,0.0012,-511.5
W44,GOOD,both|0.5,250,0.5,186,141,0.7581,40,0.2151,141,5,17991.5,96.7285,1.0,0.0,0.0
W44,GOOD,dir|0.5,250,0.5,186,141,0.7581,40,0.2151,141,5,17991.5,96.7285,1.0,0.0,0.0
W44,GOOD,both|0.7,250,0.7,186,141,0.7581,40,0.2151,141,5,17991.5,96.7285,1.0,0.0,0.0
W44,GOOD,dir|0.7,250,0.7,186,141,0.7581,40,0.2151,141,5,17991.5,96.7285,1.0,0.0,0.0
W44,GOOD,both|0.3,500,0.3,186,141,0.7581,40,0.2151,141,5,17991.5,96.7285,1.0,0.0,0.0
W44,GOOD,dir|0.3,500,0.3,186,141,0.7581,40,0.2151,141,5,17991.5,96.7285,1.0,0.0,0.0
W44,GOOD,both|0.5,500,0.5,186,141,0.7581,40,0.2151,141,5,17991.5,96.7285,1.0,0.0,0.0
W44,GOOD,dir|0.5,500,0.5,186,141,0.7581,40,0.2151,141,5,17991.5,96.7285,1.0,0.0,0.0
W44,GOOD,both|0.7,500,0.7,186,141,0.7581,40,0.2151,141,5,17991.5,96.7285,1.0,0.0,0.0
W44,GOOD,dir|0.7,500,0.7,186,141,0.7581,40,0.2151,141,5,17991.5,96.7285,1.0,0.0,0.0
W40,GOOD,baseline,-,-,115,88,0.7652,24,0.2087,86,5,11651.0,101.313,,,
W40,GOOD,both|0.3,250,0.3,115,88,0.7652,24,0.2087,86,5,11651.0,101.313,1.0,0.0,0.0
W40,GOOD,dir|0.3,250,0.3,115,88,0.7652,24,0.2087,86,5,11651.0,101.313,1.0,0.0,0.0
W40,GOOD,both|0.5,250,0.5,115,88,0.7652,24,0.2087,86,5,11651.0,101.313,1.0,0.0,0.0
W40,GOOD,dir|0.5,250,0.5,115,88,0.7652,24,0.2087,86,5,11651.0,101.313,1.0,0.0,0.0
W40,GOOD,both|0.7,250,0.7,115,88,0.7652,24,0.2087,86,5,11651.0,101.313,1.0,0.0,0.0
W40,GOOD,dir|0.7,250,0.7,115,88,0.7652,24,0.2087,86,5,11651.0,101.313,1.0,0.0,0.0
W40,GOOD,both|0.3,500,0.3,115,88,0.7652,24,0.2087,86,5,11651.0,101.313,1.0,0.0,0.0
W40,GOOD,dir|0.3,500,0.3,115,88,0.7652,24,0.2087,86,5,11651.0,101.313,1.0,0.0,0.0
W40,GOOD,both|0.5,500,0.5,115,88,0.7652,24,0.2087,86,5,11651.0,101.313,1.0,0.0,0.0
W40,GOOD,dir|0.5,500,0.5,115,88,0.7652,24,0.2087,86,5,11651.0,101.313,1.0,0.0,0.0
W40,GOOD,both|0.7,500,0.7,115,88,0.7652,24,0.2087,86,5,11651.0,101.313,1.0,0.0,0.0
W40,GOOD,dir|0.7,500,0.7,115,88,0.7652,24,0.2087,86,5,11651.0,101.313,1.0,0.0,0.0
