sub_config,target_mode,switchback,sub_cb_n,total_trades,main_trades,sub_trades,total_pnl,win_day_pct,worst_day,max_drawdown,pnl_dd_ratio,ev_per_trade,sub_win_rate,sub_ev_per_trade,sub_cb_fires
BASELINE,N/A,N/A,N/A,2685,2685,0,33042.73,48.3,-2687.34,15517.87,2.129,12.31,0.0,0.0,0
A_si0.5_so1.25,to_opposite_inner,R1,3,2699,2577,122,34935.49,48.3,-3317.73,10358.17,3.373,12.94,36.1,69.01,15
A_si0.5_so1.25,3.0x,R5,5,2525,1977,548,35188.1,45.0,-3015.19,11139.1,3.159,13.94,40.0,25.35,14
A_si0.5_so1.25,main_band_width,R5,5,2525,1977,548,35188.1,45.0,-3015.19,11139.1,3.159,13.94,40.0,25.35,14
A_si0.5_so1.25,3.0x,R5,0,2487,1917,570,34848.5,45.0,-3115.39,11034.22,3.158,14.01,39.6,22.74,0
A_si0.5_so1.25,main_band_width,R5,0,2487,1917,570,34848.5,45.0,-3115.39,11034.22,3.158,14.01,39.6,22.74,0
A_si0.5_so1.25,to_opposite_inner,sub_cb_only,5,1979,1168,811,47975.16,55.0,-3340.28,16057.63,2.988,24.24,32.6,27.08,41
A_si0.5_so1.25,to_opposite_inner,R5,0,2162,1611,551,39851.49,50.0,-3340.28,14255.52,2.796,18.43,32.3,24.95,0
A_si0.5_so1.25,to_opposite_inner,R1,5,2607,2460,147,29679.7,46.7,-2937.41,10920.41,2.718,11.38,34.7,40.9,6
A_si0.5_so1.25,to_opposite_inner,R1,2,2655,2558,97,38419.61,51.7,-3050.58,14139.35,2.717,14.47,35.1,47.42,25
A_si0.5_so1.25,to_opposite_inner,R1,0,2571,2415,156,30506.38,46.7,-2937.41,11702.12,2.607,11.87,33.3,32.78,0
A_si0.5_so1.25,1.5x,R1,0,2724,2611,113,31783.07,46.7,-2937.41,12338.05,2.576,11.67,51.3,-15.67,0
A_si0.5_so1.25,1.5x,R1,5,2724,2611,113,31783.07,46.7,-2937.41,12338.05,2.576,11.67,51.3,-15.67,0
A_si0.5_so1.25,3.0x,sub_cb_only,5,2149,1030,1119,40558.96,50.0,-3462.0,15873.88,2.555,18.87,39.2,13.06,36
A_si0.5_so1.25,main_band_width,sub_cb_only,5,2149,1030,1119,40558.96,50.0,-3462.0,15873.88,2.555,18.87,39.2,13.06,36
A_si0.5_so1.25,1.5x,R1,3,2711,2610,101,30530.16,46.7,-3317.73,12664.81,2.411,11.26,50.5,-16.49,8
A_si0.5_so1.25,3.0x,R1,5,2703,2569,134,29620.32,46.7,-3267.09,12489.32,2.372,10.96,41.8,47.26,2
A_si0.5_so1.25,main_band_width,R1,5,2703,2569,134,29620.32,46.7,-3267.09,12489.32,2.372,10.96,41.8,47.26,2
A_si0.5_so1.25,to_opposite_inner,R5,3,2369,1994,375,36620.24,50.0,-3317.73,15528.76,2.358,15.46,33.3,41.89,47
A_si0.5_so1.25,3.0x,R1,3,2697,2580,117,30512.54,48.3,-3317.73,13215.24,2.309,11.31,41.0,40.37,11
A_si0.5_so1.25,main_band_width,R1,3,2697,2580,117,30512.54,48.3,-3317.73,13215.24,2.309,11.31,41.0,40.37,11
A_si0.5_so1.25,1.5x,R1,2,2714,2625,89,34492.03,48.3,-3050.58,15113.26,2.282,12.71,52.8,-2.2,12
A_si0.5_so1.25,1.5x,sub_cb_only,2,2688,2229,459,34671.25,51.7,-3050.58,15402.7,2.251,12.9,56.0,0.19,59
A_si0.5_so1.25,to_opposite_inner,sub_cb_only,3,2348,1942,406,35727.3,51.7,-3317.73,15995.02,2.234,15.22,32.8,32.65,58
B_si1.0_so3.0,1.5x,R1,2,2588,2508,80,32211.25,51.7,-2916.95,14491.3,2.223,12.45,70.0,113.25,3
B_si1.0_so3.0,main_band_width,R1,2,2588,2508,80,32211.25,51.7,-2916.95,14491.3,2.223,12.45,70.0,113.25,3
A_si0.5_so1.25,3.0x,R1,2,2690,2594,96,34049.41,51.7,-3050.58,15480.91,2.199,12.66,39.6,27.1,21
A_si0.5_so1.25,main_band_width,R1,2,2690,2594,96,34049.41,51.7,-3050.58,15480.91,2.199,12.66,39.6,27.1,21
A_si0.5_so1.25,3.0x,R1,0,2667,2529,138,27314.55,46.7,-3267.09,12489.32,2.187,10.24,40.6,39.21,0
A_si0.5_so1.25,main_band_width,R1,0,2667,2529,138,27314.55,46.7,-3267.09,12489.32,2.187,10.24,40.6,39.21,0
A_si0.5_so1.25,3.0x,R5,3,2491,2060,431,30915.36,46.7,-3317.73,14207.1,2.176,12.41,40.6,29.63,37
A_si0.5_so1.25,main_band_width,R5,3,2491,2060,431,30915.36,46.7,-3317.73,14207.1,2.176,12.41,40.6,29.63,37
A_si0.5_so1.25,3.0x,sub_cb_only,2,2523,2254,269,35756.09,51.7,-3050.58,16694.85,2.142,14.17,38.7,9.81,59
A_si0.5_so1.25,main_band_width,sub_cb_only,2,2523,2254,269,35756.09,51.7,-3050.58,16694.85,2.142,14.17,38.7,9.81,59
A_si0.5_so1.25,3.0x,R5,2,2527,2268,259,34202.9,50.0,-3050.58,16694.85,2.049,13.53,39.0,12.26,56
A_si0.5_so1.25,main_band_width,R5,2,2527,2268,259,34202.9,50.0,-3050.58,16694.85,2.049,13.53,39.0,12.26,56
B_si1.0_so3.0,1.5x,R1,0,2577,2496,81,31160.82,51.7,-2916.95,15541.74,2.005,12.09,70.4,125.83,0
B_si1.0_so3.0,1.5x,R1,3,2577,2496,81,31160.82,51.7,-2916.95,15541.74,2.005,12.09,70.4,125.83,0
B_si1.0_so3.0,1.5x,R1,5,2577,2496,81,31160.82,51.7,-2916.95,15541.74,2.005,12.09,70.4,125.83,0
B_si1.0_so3.0,main_band_width,R1,0,2577,2496,81,31160.82,51.7,-2916.95,15541.74,2.005,12.09,70.4,125.83,0
B_si1.0_so3.0,main_band_width,R1,3,2577,2496,81,31160.82,51.7,-2916.95,15541.74,2.005,12.09,70.4,125.83,0
B_si1.0_so3.0,main_band_width,R1,5,2577,2496,81,31160.82,51.7,-2916.95,15541.74,2.005,12.09,70.4,125.83,0
B_si1.0_so3.0,1.5x,sub_cb_only,2,1945,1432,513,24449.69,50.0,-3302.42,12253.77,1.995,12.57,60.6,15.03,50
B_si1.0_so3.0,main_band_width,sub_cb_only,2,1945,1432,513,24449.69,50.0,-3302.42,12253.77,1.995,12.57,60.6,15.03,50
A_si0.5_so1.25,1.5x,R5,2,2633,2279,354,32637.44,50.0,-3050.58,16439.23,1.985,12.4,55.4,-2.35,44
A_si0.5_so1.25,to_opposite_inner,R5,5,2232,1714,518,38130.0,50.0,-3340.28,19567.57,1.949,17.08,32.0,21.34,21
B_si1.0_so3.0,to_opposite_inner,R1,0,2474,2384,90,27998.04,46.7,-3808.08,14480.96,1.933,11.32,57.8,36.31,0
B_si1.0_so3.0,to_opposite_inner,R1,5,2474,2384,90,27998.04,46.7,-3808.08,14480.96,1.933,11.32,57.8,36.31,0
A_si0.5_so1.25,to_opposite_inner,R5,2,2500,2281,219,35277.31,53.3,-3050.58,19125.07,1.845,14.11,33.3,22.7,59
A_si0.5_so1.25,to_opposite_inner,sub_cb_only,2,2500,2281,219,35277.31,53.3,-3050.58,19125.07,1.845,14.11,33.3,22.7,59
B_si1.0_so3.0,to_opposite_inner,R1,2,2508,2428,80,28611.4,48.3,-3492.15,15560.31,1.839,11.41,60.0,65.59,11
B_si1.0_so3.0,to_opposite_inner,R5,5,1498,1009,489,28567.31,56.7,-3808.08,16011.42,1.784,19.07,54.2,39.89,7
B_si1.0_so3.0,to_opposite_inner,sub_cb_only,3,1377,812,565,26037.4,50.0,-3808.08,14749.44,1.765,18.91,54.0,42.88,36
B_si1.0_so3.0,to_opposite_inner,R1,3,2475,2387,88,26182.95,46.7,-3808.08,14870.42,1.761,10.58,58.0,34.78,5
A_si0.5_so1.25,1.5x,sub_cb_only,5,2791,650,2141,25174.28,50.0,-3025.83,14481.82,1.738,9.02,56.0,3.13,24
B_si1.0_so3.0,3.0x,R5,5,1110,666,444,28393.91,56.7,-3856.74,16358.06,1.736,25.58,44.6,58.23,3
A_si0.5_so1.25,3.0x,sub_cb_only,3,2389,1863,526,31552.46,46.7,-3317.73,18193.52,1.734,13.21,38.4,7.78,57
A_si0.5_so1.25,main_band_width,sub_cb_only,3,2389,1863,526,31552.46,46.7,-3317.73,18193.52,1.734,13.21,38.4,7.78,57
B_si1.0_so3.0,3.0x,sub_cb_only,3,1135,689,446,25685.38,56.7,-3856.74,15440.97,1.663,22.63,44.4,67.61,32
B_si1.0_so3.0,3.0x,R5,3,1272,876,396,25313.52,55.0,-3856.74,15440.97,1.639,19.9,44.7,58.27,26
A_si0.5_so1.25,1.5x,sub_cb_only,3,2757,1734,1023,30209.38,48.3,-3317.73,19196.17,1.574,10.96,56.9,5.74,52
B_si1.0_so3.0,to_opposite_inner,R5,3,1634,1197,437,24490.68,53.3,-3808.08,15576.63,1.572,14.99,54.2,40.27,24
B_si1.0_so3.0,3.0x,R5,0,1085,639,446,25477.85,55.0,-3856.74,16358.06,1.558,23.48,44.6,57.01,0
B_si1.0_so3.0,1.5x,sub_cb_only,3,1475,650,825,20781.31,53.3,-3270.91,13954.37,1.489,14.09,61.1,30.5,30
B_si1.0_so3.0,main_band_width,sub_cb_only,3,1475,650,825,20781.31,53.3,-3270.91,13954.37,1.489,14.09,61.1,30.5,30
B_si1.0_so3.0,to_opposite_inner,sub_cb_only,2,1922,1561,361,26879.07,48.3,-3492.15,18404.89,1.46,13.98,55.4,30.48,55
B_si1.0_so3.0,to_opposite_inner,R5,0,1462,968,494,23341.04,55.0,-3808.08,16011.42,1.458,15.97,54.0,37.31,0
B_si1.0_so3.0,to_opposite_inner,R5,2,1953,1621,332,26840.14,50.0,-3492.15,18533.9,1.448,13.74,56.6,46.45,46
A_si0.5_so1.25,1.5x,R5,3,2681,2196,485,22665.8,43.3,-3317.73,15677.25,1.446,8.45,54.8,0.64,24
B_si1.0_so3.0,3.0x,sub_cb_only,0,828,278,550,22842.76,51.7,-3856.74,16358.06,1.396,27.59,43.3,48.72,0
A_si0.5_so1.25,to_opposite_inner,sub_cb_only,0,1518,278,1240,22341.28,50.0,-3340.28,16059.54,1.391,14.72,32.5,21.2,0
B_si1.0_so3.0,3.0x,sub_cb_only,5,868,325,543,23489.99,53.3,-3856.74,17095.9,1.374,27.06,43.1,44.55,6
B_si1.0_so3.0,to_opposite_inner,sub_cb_only,0,1007,278,729,22743.03,53.3,-3808.08,17575.46,1.294,22.58,52.7,36.62,0
A_si0.5_so1.25,1.5x,R5,0,2696,2121,575,19495.87,41.7,-3014.79,15268.12,1.277,7.23,54.3,-5.28,0
B_si1.0_so3.0,1.5x,R5,2,2054,1648,406,20090.15,46.7,-3302.42,15946.3,1.26,9.78,61.6,32.83,37
B_si1.0_so3.0,main_band_width,R5,2,2054,1648,406,20090.15,46.7,-3302.42,15946.3,1.26,9.78,61.6,32.83,37
B_si1.0_so3.0,to_opposite_inner,sub_cb_only,5,1041,330,711,21173.86,51.7,-3808.08,18011.46,1.176,20.34,52.7,32.8,10
B_si1.0_so3.0,1.5x,R5,5,1820,1289,531,17133.21,53.3,-3655.67,14939.73,1.147,9.41,60.5,22.99,2
B_si1.0_so3.0,main_band_width,R5,5,1820,1289,531,17133.21,53.3,-3655.67,14939.73,1.147,9.41,60.5,22.99,2
B_si1.0_so3.0,1.5x,sub_cb_only,5,1277,304,973,15808.5,53.3,-3655.67,15414.97,1.026,12.38,59.8,17.3,4
B_si1.0_so3.0,main_band_width,sub_cb_only,5,1277,304,973,15808.5,53.3,-3655.67,15414.97,1.026,12.38,59.8,17.3,4
B_si1.0_so3.0,3.0x,R1,2,2230,2140,90,23370.68,48.3,-3492.15,23928.76,0.977,10.48,46.7,67.54,17
A_si0.5_so1.25,1.5x,R5,5,2646,2075,571,16798.47,40.0,-3014.79,17221.63,0.975,6.35,54.1,-6.4,7
B_si1.0_so3.0,1.5x,R5,0,1820,1286,534,15518.42,51.7,-3655.67,16554.52,0.937,8.53,60.5,24.15,0
B_si1.0_so3.0,main_band_width,R5,0,1820,1286,534,15518.42,51.7,-3655.67,16554.52,0.937,8.53,60.5,24.15,0
B_si1.0_so3.0,3.0x,R1,5,2179,2070,109,21258.03,46.7,-3856.74,22708.64,0.936,9.76,43.1,-20.92,1
B_si1.0_so3.0,1.5x,R5,3,1863,1361,502,12892.24,51.7,-3270.91,14300.17,0.902,6.92,61.0,31.65,17
B_si1.0_so3.0,main_band_width,R5,3,1863,1361,502,12892.24,51.7,-3270.91,14300.17,0.902,6.92,61.0,31.65,17
B_si1.0_so3.0,1.5x,sub_cb_only,0,1270,278,992,14226.46,51.7,-3655.67,17430.9,0.816,11.2,59.8,18.32,0
B_si1.0_so3.0,main_band_width,sub_cb_only,0,1270,278,992,14226.46,51.7,-3655.67,17430.9,0.816,11.2,59.8,18.32,0
B_si1.0_so3.0,3.0x,R1,3,2199,2095,104,19851.19,46.7,-3856.74,24491.36,0.811,9.03,44.2,-4.05,10
A_si0.5_so1.25,1.5x,sub_cb_only,0,2844,278,2566,11557.88,46.7,-3025.83,14264.4,0.81,4.06,56.1,6.04,0
A_si0.5_so1.25,3.0x,sub_cb_only,0,1813,278,1535,13370.66,46.7,-3462.0,17906.96,0.747,7.37,39.3,11.28,0
A_si0.5_so1.25,main_band_width,sub_cb_only,0,1813,278,1535,13370.66,46.7,-3462.0,17906.96,0.747,7.37,39.3,11.28,0
B_si1.0_so3.0,3.0x,R1,0,2156,2046,110,17756.32,45.0,-3856.74,26210.35,0.677,8.24,42.7,-28.71,0
B_si1.0_so3.0,3.0x,sub_cb_only,2,1673,1403,270,-643.93,45.0,-3492.15,20190.35,-0.032,-0.38,43.0,12.63,54
B_si1.0_so3.0,3.0x,R5,2,1687,1426,261,-724.19,45.0,-3492.15,20326.59,-0.036,-0.43,43.3,13.22,51
