main_config,trigger,switch_rule,return_rule,sub_config,total_trades,main_trades,sub_trades,sub_pct,overall_ev,main_mode_ev,sub_mode_ev,overall_pnl,max_drawdown,pnl_dd_ratio,win_rate_pct,static_main_ev,best_static_ev,ev_vs_static_main,ev_vs_best_static
i1.50_o2.00,rolling_win_rate,B,R3_N5,i0.75_o2.50,7716,5737,1979,25.6,6.15,7.19,3.14,47487.93,15823.15,3.001,28.58,4.73,4.73,1.42,1.42
i1.50_o2.00,rolling_win_rate,A,R3_N5,i0.75_o2.50,7716,5737,1979,25.6,6.15,7.19,3.14,47487.93,15823.15,3.001,28.58,4.73,4.73,1.42,1.42
i1.50_o2.00,rolling_win_rate,A,R1,i0.75_o2.50,7810,6587,1223,15.7,6.08,4.96,12.12,47492.46,17142.2,2.77,24.47,4.73,4.73,1.35,1.35
i1.50_o2.00,rolling_win_rate,B,R1,i0.75_o2.50,7810,6587,1223,15.7,6.08,4.96,12.12,47492.46,17142.2,2.77,24.47,4.73,4.73,1.35,1.35
i1.50_o2.00,consecutive_stops,A,R3_N3,i1.25_o2.00,7944,5514,2430,30.6,5.87,11.32,-6.49,46641.74,15743.4,2.963,21.78,4.73,4.73,1.14,1.14
i1.50_o2.00,consecutive_stops,B,R3_N5,i1.25_o2.00,8012,5997,2015,25.1,5.79,9.2,-4.38,46368.93,16110.98,2.878,21.12,4.73,4.73,1.06,1.06
i1.00_o2.00,rolling_win_rate,A,R3_N10,i1.50_o2.00,7325,4655,2670,36.5,5.76,2.64,11.2,42173.5,17025.9,2.477,31.15,1.74,4.73,4.02,1.03
i0.75_o2.50,consecutive_stops,A,R3_N10,i1.25_o2.00,7293,2897,4396,60.3,5.54,12.27,1.11,40416.69,19093.68,2.117,40.29,3.47,4.73,2.07,0.81
i0.75_o2.50,consecutive_stops,B,R3_N10,i1.25_o2.00,7293,2897,4396,60.3,5.54,12.27,1.11,40416.69,19093.68,2.117,40.29,3.47,4.73,2.07,0.81
i1.50_o2.00,consecutive_stops,A,R3_N10,i1.25_o2.00,7654,3258,4396,57.4,5.23,14.66,-1.76,40019.13,17416.48,2.298,24.03,4.73,4.73,0.5,0.5
i1.00_o2.00,bar_range,A,R1,i0.50_o2.00,8137,4816,3321,40.8,5.22,12.81,-5.79,42460.25,17255.04,2.461,48.14,1.74,4.73,3.48,0.49
i1.00_o2.00,bar_range,B,R1,i0.50_o2.00,8137,4816,3321,40.8,5.22,12.81,-5.79,42460.25,17255.04,2.461,48.14,1.74,4.73,3.48,0.49
i1.50_o2.00,bar_range,A,R2,i0.50_o2.00,8443,8144,299,3.5,5.18,4.59,21.33,43738.76,15391.54,2.842,20.31,4.73,4.73,0.45,0.45
i1.50_o2.00,consecutive_stops,B,R4,i1.25_o2.00,8354,8160,194,2.3,5.18,5.69,-16.41,43240.42,15049.95,2.873,19.06,4.73,4.73,0.44,0.44
i1.50_o2.00,bar_range,B,R2,i0.50_o2.00,8443,8144,299,3.5,5.18,4.59,21.33,43738.76,15391.54,2.842,20.31,4.73,4.73,0.45,0.45
i1.50_o2.00,consecutive_stops,A,R4,i1.25_o2.00,8356,8167,189,2.3,5.08,5.21,-0.43,42461.59,15401.45,2.757,19.06,4.73,4.73,0.35,0.35
i0.75_o2.50,rolling_win_rate,A,R3_N10,i1.50_o2.00,7230,5590,1640,22.7,5.08,3.44,10.65,36694.32,17852.76,2.055,48.92,3.47,4.73,1.6,0.34
i0.75_o2.50,rolling_win_rate,B,R3_N10,i1.50_o2.00,7230,5590,1640,22.7,5.08,3.44,10.65,36694.32,17852.76,2.055,48.92,3.47,4.73,1.6,0.34
i1.50_o2.00,rolling_win_rate,A,R3_N10,i0.75_o2.50,7508,4580,2928,39.0,5.07,11.44,-4.9,38042.74,18579.06,2.048,33.75,4.73,4.73,0.34,0.34
i1.50_o2.00,consecutive_stops,A,R3_N5,i1.25_o2.00,7845,4685,3160,40.3,5.07,11.42,-4.36,39747.41,15321.2,2.594,22.45,4.73,4.73,0.33,0.33
i1.50_o2.00,rolling_win_rate,B,R3_N10,i0.75_o2.50,7508,4580,2928,39.0,5.07,11.44,-4.9,38042.74,18579.06,2.048,33.75,4.73,4.73,0.34,0.34
i1.00_o2.00,rolling_win_rate,A,R3_N5,i1.50_o2.00,7166,5211,1955,27.3,5.04,1.22,15.22,36121.27,17694.45,2.041,32.85,1.74,4.73,3.3,0.31
i1.00_o2.00,bar_range,A,R3_N10,i0.50_o2.00,9075,3039,6036,66.5,4.97,13.76,0.54,45094.93,19865.78,2.27,54.12,1.74,4.73,3.23,0.24
i1.00_o2.00,bar_range,B,R3_N10,i0.50_o2.00,9075,3039,6036,66.5,4.97,13.76,0.54,45094.93,19865.78,2.27,54.12,1.74,4.73,3.23,0.24
i1.50_o2.00,rolling_win_rate,A,R2,i0.75_o2.50,8230,7727,503,6.1,4.91,5.3,-1.04,40421.08,15373.32,2.629,21.13,4.73,4.73,0.18,0.18
i1.50_o2.00,rolling_win_rate,B,R2,i0.75_o2.50,8230,7727,503,6.1,4.91,5.3,-1.04,40421.08,15373.32,2.629,21.13,4.73,4.73,0.18,0.18
i0.75_o2.50,bar_range,B,R3_N3,i0.50_o2.00,8302,4799,3503,42.2,4.85,6.09,3.17,40296.9,18895.2,2.133,59.88,3.47,4.73,1.38,0.12
i0.75_o2.50,bar_range,A,R3_N3,i0.50_o2.00,8302,4799,3503,42.2,4.85,6.09,3.17,40296.9,18895.2,2.133,59.88,3.47,4.73,1.38,0.12
i1.50_o2.00,consecutive_stops,A,R1,i1.25_o2.00,8007,6075,1932,24.1,4.84,7.15,-2.42,38723.63,15525.33,2.494,21.08,4.73,4.73,0.1,0.1
i1.00_o2.00,rolling_win_rate,A,R1,i1.50_o2.00,7082,5691,1391,19.6,4.82,6.57,-2.3,34170.15,18357.92,1.861,34.34,1.74,4.73,3.08,0.09
i1.50_o2.00,consecutive_stops,B,R3_N3,i1.25_o2.00,8083,6568,1515,18.7,4.79,8.06,-9.4,38719.99,15564.54,2.488,20.52,4.73,4.73,0.06,0.06
i1.50_o2.00,rolling_win_rate,A,R4,i0.75_o2.50,8332,8223,109,1.3,4.76,4.98,-11.82,39641.81,15358.11,2.581,19.23,4.73,4.73,0.03,0.03
i1.50_o2.00,rolling_win_rate,B,R4,i0.75_o2.50,8332,8223,109,1.3,4.76,4.98,-11.82,39641.81,15358.11,2.581,19.23,4.73,4.73,0.03,0.03
i1.50_o2.00,consecutive_stops,B,R3_N10,i1.25_o2.00,7865,4860,3005,38.2,4.66,14.03,-10.51,36612.4,15892.12,2.304,22.12,4.73,4.73,-0.08,-0.08
i1.50_o2.00,bar_range,A,R4,i0.50_o2.00,8370,8272,98,1.2,4.65,4.64,4.96,38906.29,17311.89,2.247,19.25,4.73,4.73,-0.08,-0.08
i1.00_o2.00,rolling_win_rate,B,R2,i1.50_o2.00,8106,1439,6667,82.2,4.65,4.78,4.62,37677.59,15098.86,2.495,22.27,1.74,4.73,2.91,-0.08
i1.50_o2.00,bar_range,B,R4,i0.50_o2.00,8370,8272,98,1.2,4.65,4.64,4.96,38906.29,17311.89,2.247,19.25,4.73,4.73,-0.08,-0.08
i0.75_o2.50,bar_range,B,R3_N10,i0.50_o2.00,8924,3494,5430,60.8,4.63,12.95,-0.72,41314.98,17321.04,2.385,60.52,3.47,4.73,1.16,-0.1
i0.75_o2.50,bar_range,A,R3_N10,i0.50_o2.00,8924,3494,5430,60.8,4.63,12.95,-0.72,41314.98,17321.04,2.385,60.52,3.47,4.73,1.16,-0.1
i1.50_o2.00,consecutive_stops,B,R1,i1.25_o2.00,8131,6944,1187,14.6,4.61,6.62,-7.17,37464.4,15790.65,2.373,20.12,4.73,4.73,-0.12,-0.12
i1.50_o2.00,consecutive_stops,A,R2,i1.25_o2.00,7615,1957,5658,74.3,4.58,5.8,4.15,34855.97,18782.73,1.856,25.55,4.73,4.73,-0.15,-0.15
i1.50_o2.00,rolling_win_rate,B,R3_N3,i0.75_o2.50,7792,6238,1554,19.9,4.52,4.46,4.77,35258.28,14761.93,2.388,26.3,4.73,4.73,-0.21,-0.21
i1.50_o2.00,rolling_win_rate,A,R3_N3,i0.75_o2.50,7792,6238,1554,19.9,4.52,4.46,4.77,35258.28,14761.93,2.388,26.3,4.73,4.73,-0.21,-0.21
i1.00_o2.00,bar_range,B,R3_N3,i0.50_o2.00,8373,4278,4095,48.9,4.39,8.74,-0.15,36764.92,16945.71,2.17,50.09,1.74,4.73,2.65,-0.34
i1.00_o2.00,bar_range,A,R3_N3,i0.50_o2.00,8373,4278,4095,48.9,4.39,8.74,-0.15,36764.92,16945.71,2.17,50.09,1.74,4.73,2.65,-0.34
i1.50_o2.00,consecutive_stops,B,R2,i1.25_o2.00,7626,2282,5344,70.1,4.31,9.78,1.98,32893.61,18782.73,1.751,25.23,4.73,4.73,-0.42,-0.42
i0.75_o2.50,speed_range_regime,C,R1,i0.50_o2.00,7607,5918,1689,22.2,4.18,5.76,-1.38,31762.39,21948.57,1.447,58.77,3.47,4.73,0.7,-0.56
i1.00_o2.00,speed_range_regime,C,R1,i0.50_o2.00,7693,5509,2184,28.4,4.12,3.76,5.03,31698.63,21063.89,1.505,44.56,1.74,4.73,2.38,-0.61
i0.75_o2.50,consecutive_stops,B,R4,i1.25_o2.00,7096,6890,206,2.9,3.98,5.22,-37.43,28242.92,17777.52,1.589,56.92,3.47,4.73,0.51,-0.75
i0.75_o2.50,consecutive_stops,A,R4,i1.25_o2.00,7096,6890,206,2.9,3.98,5.22,-37.43,28242.92,17777.52,1.589,56.92,3.47,4.73,0.51,-0.75
i1.00_o2.00,rolling_win_rate,A,R2,i1.50_o2.00,8170,1081,7089,86.8,3.97,2.72,4.16,32431.76,15098.86,2.148,21.32,1.74,4.73,2.23,-0.76
i1.00_o2.00,rolling_win_rate,A,R3_N3,i1.50_o2.00,7129,5554,1575,22.1,3.96,5.36,-0.97,28238.71,19584.1,1.442,33.78,1.74,4.73,2.22,-0.77
i1.50_o2.00,speed_range_regime,C,R4,i0.75_o2.50,8323,8214,109,1.3,3.95,4.44,-32.28,32913.62,15089.96,2.181,19.18,4.73,4.73,-0.78,-0.78
i0.75_o2.50,consecutive_stops,B,R1,i1.25_o2.00,7219,5250,1969,27.3,3.93,5.65,-0.66,28347.84,23107.5,1.227,50.09,3.47,4.73,0.45,-0.8
i0.75_o2.50,consecutive_stops,A,R1,i1.25_o2.00,7219,5250,1969,27.3,3.93,5.65,-0.66,28347.84,23107.5,1.227,50.09,3.47,4.73,0.45,-0.8
i0.75_o2.50,bar_range,A,R3_N5,i0.50_o2.00,8561,4216,4345,50.8,3.91,9.89,-1.9,33446.62,20941.48,1.597,59.81,3.47,4.73,0.43,-0.82
i0.75_o2.50,bar_range,B,R3_N5,i0.50_o2.00,8561,4216,4345,50.8,3.91,9.89,-1.9,33446.62,20941.48,1.597,59.81,3.47,4.73,0.43,-0.82
i1.50_o2.00,speed_range_regime,C,R2,i0.75_o2.50,8189,7636,553,6.8,3.89,4.59,-5.88,31827.71,14983.96,2.124,21.3,4.73,4.73,-0.85,-0.85
i1.00_o2.00,consecutive_stops,B,R1,i0.50_o2.00,8812,4011,4801,54.5,3.88,7.05,1.23,34168.89,25509.92,1.339,51.28,1.74,4.73,2.14,-0.85
i1.00_o2.00,consecutive_stops,A,R1,i0.50_o2.00,8812,4011,4801,54.5,3.88,7.05,1.23,34168.89,25509.92,1.339,51.28,1.74,4.73,2.14,-0.85
i0.75_o2.50,rolling_win_rate,B,R4,i1.50_o2.00,7132,6856,276,3.9,3.85,3.49,12.69,27439.6,16751.06,1.638,56.21,3.47,4.73,0.37,-0.88
i0.75_o2.50,rolling_win_rate,A,R4,i1.50_o2.00,7132,6856,276,3.9,3.85,3.49,12.69,27439.6,16751.06,1.638,56.21,3.47,4.73,0.37,-0.88
i0.75_o2.50,bar_range,A,R4,i0.50_o2.00,7113,7012,101,1.4,3.8,4.18,-21.94,27064.21,17432.21,1.553,57.77,3.47,4.73,0.33,-0.93
i0.75_o2.50,bar_range,B,R4,i0.50_o2.00,7113,7012,101,1.4,3.8,4.18,-21.94,27064.21,17432.21,1.553,57.77,3.47,4.73,0.33,-0.93
i0.75_o2.50,bar_range,A,R2,i0.50_o2.00,7184,6894,290,4.0,3.79,3.38,13.49,27241.04,17660.56,1.542,57.91,3.47,4.73,0.32,-0.94
i0.75_o2.50,bar_range,B,R2,i0.50_o2.00,7184,6894,290,4.0,3.79,3.38,13.49,27241.04,17660.56,1.542,57.91,3.47,4.73,0.32,-0.94
i1.50_o2.00,bar_range,A,R1,i0.50_o2.00,8775,5381,3394,38.7,3.67,11.11,-8.14,32180.02,18048.95,1.783,35.43,4.73,4.73,-1.06,-1.06
i1.50_o2.00,bar_range,B,R1,i0.50_o2.00,8775,5381,3394,38.7,3.67,11.11,-8.14,32180.02,18048.95,1.783,35.43,4.73,4.73,-1.06,-1.06
i1.00_o2.00,bar_range,B,R3_N5,i0.50_o2.00,8675,3745,4930,56.8,3.65,10.29,-1.39,31679.06,22254.83,1.423,51.75,1.74,4.73,1.91,-1.08
i1.00_o2.00,bar_range,A,R3_N5,i0.50_o2.00,8675,3745,4930,56.8,3.65,10.29,-1.39,31679.06,22254.83,1.423,51.75,1.74,4.73,1.91,-1.08
i0.75_o2.50,rolling_win_rate,B,R3_N5,i1.50_o2.00,7127,6212,915,12.8,3.62,2.74,9.64,25813.16,16934.35,1.524,52.6,3.47,4.73,0.15,-1.11
i0.75_o2.50,rolling_win_rate,A,R3_N5,i1.50_o2.00,7127,6212,915,12.8,3.62,2.74,9.64,25813.16,16934.35,1.524,52.6,3.47,4.73,0.15,-1.11
i0.75_o2.50,speed_range_regime,C,R3_N3,i0.50_o2.00,8052,5262,2790,34.6,3.62,5.9,-0.67,29149.3,19455.34,1.498,59.38,3.47,4.73,0.15,-1.11
i0.75_o2.50,speed_range_regime,C,R4,i0.50_o2.00,7115,7013,102,1.4,3.61,3.82,-10.88,25706.77,18366.86,1.4,57.77,3.47,4.73,0.14,-1.12
i0.75_o2.50,speed_range_regime,C,R3_N10,i0.50_o2.00,9014,3467,5547,61.5,3.6,2.76,4.13,32487.34,20068.21,1.619,60.56,3.47,4.73,0.13,-1.13
i0.75_o2.50,bar_range,A,R1,i0.50_o2.00,8178,5098,3080,37.7,3.58,5.68,0.09,29256.33,23526.1,1.244,59.26,3.47,4.73,0.1,-1.15
i0.75_o2.50,bar_range,B,R1,i0.50_o2.00,8178,5098,3080,37.7,3.58,5.68,0.09,29256.33,23526.1,1.244,59.26,3.47,4.73,0.1,-1.15
i1.00_o2.00,consecutive_stops,A,R3_N5,i0.50_o2.00,9517,2446,7071,74.3,3.56,0.47,4.63,33880.54,30157.51,1.123,56.3,1.74,4.73,1.82,-1.17
i1.00_o2.00,consecutive_stops,B,R3_N5,i0.50_o2.00,9517,2446,7071,74.3,3.56,0.47,4.63,33880.54,30157.51,1.123,56.3,1.74,4.73,1.82,-1.17
i0.75_o2.50,rolling_win_rate,B,R1,i1.50_o2.00,7044,6624,420,6.0,3.5,4.81,-17.2,24632.74,18193.57,1.354,55.37,3.47,4.73,0.02,-1.23
i0.75_o2.50,rolling_win_rate,A,R1,i1.50_o2.00,7044,6624,420,6.0,3.5,4.81,-17.2,24632.74,18193.57,1.354,55.37,3.47,4.73,0.02,-1.23
i1.00_o2.00,speed_range_regime,C,R3_N3,i0.50_o2.00,8178,4548,3630,44.4,3.36,4.07,2.48,27507.27,18074.36,1.522,48.68,1.74,4.73,1.62,-1.37
i0.75_o2.50,speed_range_regime,C,R2,i0.50_o2.00,7184,6864,320,4.5,3.35,3.06,9.57,24062.28,18455.05,1.304,57.84,3.47,4.73,-0.12,-1.38
i0.75_o2.50,consecutive_stops,A,R3_N3,i1.25_o2.00,7242,4938,2304,31.8,3.33,5.11,-0.48,24129.85,25276.02,0.955,48.52,3.47,4.73,-0.14,-1.4
i0.75_o2.50,consecutive_stops,B,R3_N3,i1.25_o2.00,7242,4938,2304,31.8,3.33,5.11,-0.48,24129.85,25276.02,0.955,48.52,3.47,4.73,-0.14,-1.4
i1.00_o2.00,rolling_win_rate,B,R3_N10,i1.50_o2.00,7189,5689,1500,20.9,3.21,2.67,5.25,23058.97,21862.79,1.055,33.84,1.74,4.73,1.47,-1.52
i0.75_o2.50,rolling_win_rate,B,R3_N3,i1.50_o2.00,7072,6466,606,8.6,3.2,4.22,-7.61,22648.59,20035.24,1.13,54.24,3.47,4.73,-0.27,-1.53
i0.75_o2.50,rolling_win_rate,A,R3_N3,i1.50_o2.00,7072,6466,606,8.6,3.2,4.22,-7.61,22648.59,20035.24,1.13,54.24,3.47,4.73,-0.27,-1.53
i1.00_o2.00,consecutive_stops,A,R3_N3,i0.50_o2.00,9139,3345,5794,63.4,3.17,3.16,3.18,28993.29,28924.07,1.002,53.65,1.74,4.73,1.43,-1.56
i1.50_o2.00,bar_range,A,R3_N3,i0.50_o2.00,8930,4607,4323,48.4,3.17,10.43,-4.57,28283.8,15971.55,1.771,39.56,4.73,4.73,-1.56,-1.56
i1.50_o2.00,bar_range,B,R3_N3,i0.50_o2.00,8930,4607,4323,48.4,3.17,10.43,-4.57,28283.8,15971.55,1.771,39.56,4.73,4.73,-1.56,-1.56
i1.00_o2.00,consecutive_stops,B,R3_N3,i0.50_o2.00,9139,3345,5794,63.4,3.17,3.16,3.18,28993.29,28924.07,1.002,53.65,1.74,4.73,1.43,-1.56
i1.50_o2.00,speed_range_regime,C,R3_N10,i0.75_o2.50,7246,2012,5234,72.2,3.17,11.59,-0.06,22980.84,23323.58,0.985,46.78,4.73,4.73,-1.56,-1.56
i0.75_o2.50,rolling_win_rate,B,R2,i1.50_o2.00,8130,1207,6923,85.2,3.08,-2.29,4.02,25059.58,19259.26,1.301,24.44,3.47,4.73,-0.39,-1.65
i0.75_o2.50,rolling_win_rate,A,R2,i1.50_o2.00,8130,1207,6923,85.2,3.08,-2.29,4.02,25059.58,19259.26,1.301,24.44,3.47,4.73,-0.39,-1.65
i1.00_o2.00,consecutive_stops,B,R3_N10,i0.50_o2.00,9948,1488,8460,85.0,3.06,-9.24,5.22,30395.05,28533.17,1.065,58.89,1.74,4.73,1.32,-1.68
i1.00_o2.00,consecutive_stops,A,R3_N10,i0.50_o2.00,9948,1488,8460,85.0,3.06,-9.24,5.22,30395.05,28533.17,1.065,58.89,1.74,4.73,1.32,-1.68
i1.00_o2.00,speed_range_regime,C,R3_N5,i0.50_o2.00,8649,3864,4785,55.3,3.06,3.07,3.05,26439.33,19142.97,1.381,51.06,1.74,4.73,1.32,-1.67
i1.50_o2.00,bar_range,A,R3_N10,i0.50_o2.00,9385,3379,6006,64.0,3.05,10.72,-1.26,28631.16,18842.98,1.519,46.47,4.73,4.73,-1.68,-1.68
i1.50_o2.00,bar_range,B,R3_N10,i0.50_o2.00,9385,3379,6006,64.0,3.05,10.72,-1.26,28631.16,18842.98,1.519,46.47,4.73,4.73,-1.68,-1.68
i1.00_o2.00,rolling_win_rate,B,R3_N5,i1.50_o2.00,7066,6166,900,12.7,3.0,2.01,9.75,21164.42,21423.0,0.988,35.47,1.74,4.73,1.26,-1.74
i1.50_o2.00,speed_range_regime,C,R3_N5,i0.75_o2.50,7376,2906,4470,60.6,2.98,6.43,0.74,21982.7,22780.62,0.965,42.03,4.73,4.73,-1.75,-1.75
i1.00_o2.00,rolling_win_rate,B,R3_N3,i1.50_o2.00,7042,6361,681,9.7,2.98,3.61,-2.85,20995.28,21185.79,0.991,36.08,1.74,4.73,1.24,-1.75
i0.75_o2.50,speed_range_regime,C,R3_N5,i0.50_o2.00,8429,4536,3893,46.2,2.89,7.03,-1.94,24363.43,24881.28,0.979,59.69,3.47,4.73,-0.58,-1.84
i1.00_o2.00,bar_range,A,R2,i0.50_o2.00,7142,6849,293,4.1,2.89,2.14,20.43,20627.3,21059.26,0.979,38.9,1.74,4.73,1.15,-1.84
i1.00_o2.00,bar_range,B,R2,i0.50_o2.00,7142,6849,293,4.1,2.89,2.14,20.43,20627.3,21059.26,0.979,38.9,1.74,4.73,1.15,-1.84
i1.00_o2.00,rolling_win_rate,B,R1,i1.50_o2.00,7015,6473,542,7.7,2.87,4.2,-12.94,20158.16,21041.97,0.958,36.46,1.74,4.73,1.13,-1.86
i0.75_o2.50,consecutive_stops,B,R3_N5,i1.25_o2.00,7291,4151,3140,43.1,2.83,7.09,-2.8,20627.91,24737.3,0.834,45.19,3.47,4.73,-0.64,-1.9
i0.75_o2.50,consecutive_stops,A,R3_N5,i1.25_o2.00,7291,4151,3140,43.1,2.83,7.09,-2.8,20627.91,24737.3,0.834,45.19,3.47,4.73,-0.64,-1.9
i1.00_o2.00,speed_range_regime,C,R3_N10,i0.50_o2.00,9214,2817,6397,69.4,2.72,3.65,2.3,25027.32,20593.16,1.215,54.68,1.74,4.73,0.98,-2.02
i1.50_o2.00,bar_range,B,R3_N5,i0.50_o2.00,9149,4118,5031,55.0,2.63,8.72,-2.36,24066.27,17074.94,1.409,42.39,4.73,4.73,-2.1,-2.1
i1.50_o2.00,bar_range,A,R3_N5,i0.50_o2.00,9149,4118,5031,55.0,2.63,8.72,-2.36,24066.27,17074.94,1.409,42.39,4.73,4.73,-2.1,-2.1
i1.50_o2.00,speed_range_regime,C,R1,i0.75_o2.50,7591,5017,2574,33.9,2.63,6.11,-4.16,19936.78,16040.45,1.243,31.67,4.73,4.73,-2.11,-2.11
i1.00_o2.00,speed_range_regime,C,R2,i0.50_o2.00,7154,6838,316,4.4,2.43,1.92,13.47,17355.38,21834.63,0.795,38.9,1.74,4.73,0.69,-2.31
i1.00_o2.00,rolling_win_rate,B,R4,i1.50_o2.00,7055,6765,290,4.1,2.41,2.09,9.92,17033.73,21848.44,0.78,37.04,1.74,4.73,0.67,-2.32
i1.00_o2.00,rolling_win_rate,A,R4,i1.50_o2.00,7066,6772,294,4.2,2.22,1.67,14.87,15701.8,21686.29,0.724,37.06,1.74,4.73,0.48,-2.51
i1.00_o2.00,bar_range,B,R4,i0.50_o2.00,7060,6963,97,1.4,2.21,2.1,10.47,15609.63,22027.72,0.709,38.19,1.74,4.73,0.47,-2.52
i1.00_o2.00,bar_range,A,R4,i0.50_o2.00,7060,6963,97,1.4,2.21,2.1,10.47,15609.63,22027.72,0.709,38.19,1.74,4.73,0.47,-2.52
i1.00_o2.00,consecutive_stops,A,R2,i0.50_o2.00,7153,6833,320,4.5,2.17,1.72,11.95,15553.37,21834.63,0.712,38.89,1.74,4.73,0.43,-2.56
i1.00_o2.00,consecutive_stops,B,R2,i0.50_o2.00,7153,6833,320,4.5,2.17,1.72,11.95,15553.37,21834.63,0.712,38.89,1.74,4.73,0.43,-2.56
i1.50_o2.00,speed_range_regime,C,R3_N3,i0.75_o2.50,7485,3711,3774,50.4,2.1,1.58,2.61,15736.06,18177.48,0.866,37.96,4.73,4.73,-2.63,-2.63
i1.00_o2.00,speed_range_regime,C,R4,i0.50_o2.00,7059,6959,100,1.4,2.09,2.14,-1.83,14727.55,22401.01,0.657,38.18,1.74,4.73,0.35,-2.65
i1.00_o2.00,consecutive_stops,B,R4,i0.50_o2.00,7058,6956,102,1.4,1.87,2.08,-12.49,13206.69,22401.01,0.59,38.17,1.74,4.73,0.13,-2.86
i1.00_o2.00,consecutive_stops,A,R4,i0.50_o2.00,7058,6956,102,1.4,1.87,2.08,-12.49,13206.69,22401.01,0.59,38.17,1.74,4.73,0.13,-2.86
i0.75_o2.50,consecutive_stops,B,R2,i1.25_o2.00,7293,1753,5540,76.0,1.82,7.04,0.17,13282.53,20610.69,0.644,34.9,3.47,4.73,-1.65,-2.91
i0.75_o2.50,consecutive_stops,A,R2,i1.25_o2.00,7293,1753,5540,76.0,1.82,7.04,0.17,13282.53,20610.69,0.644,34.9,3.47,4.73,-1.65,-2.91
