block_num,trade_start,trade_end,wins,losses,win_rate,total_pnl,class,std100,avg_range_10,avg_duration_10,band_width,range_bw_ratio,ema_position,price_position,stddev_ratio,hour
1,1,20,6,14,30.0,-1401.88,LOW,8.91519,4.25875,16.825,13.372785,0.350617,0.579068,0.735648,0.255614,10.5
2,21,40,8,12,40.0,15.52,MEDIUM,5.603392,3.83875,21.8,8.405088,0.462242,0.56011,0.567928,0.348495,12.5
3,41,60,10,10,50.0,900.0,MEDIUM,7.47102,4.655,11.645,11.20653,0.427044,0.597404,0.625529,0.389649,9.75
4,61,80,8,12,40.0,-34.86,MEDIUM,8.929243,4.64,17.45,13.393865,0.353395,0.472534,0.37207,0.734386,11.65
5,81,100,8,12,40.0,205.31,MEDIUM,9.101594,5.3675,14.15,13.652391,0.409816,0.470393,0.442456,0.376914,12.0
6,101,120,7,13,35.0,-634.19,LOW,8.70407,4.8575,15.325,13.056105,0.383712,0.521647,0.618418,0.357162,10.3
7,121,140,8,12,40.0,-491.0,MEDIUM,8.277665,4.8725,23.405,12.416497,0.435303,0.459274,0.438649,0.274329,13.35
8,141,160,10,10,50.0,187.21,MEDIUM,12.131836,6.4075,8.39,18.197754,0.399605,0.563569,0.464318,0.193577,9.65
9,161,180,11,9,55.0,1440.13,MEDIUM,11.761768,6.04625,12.495,17.642652,0.396744,0.525631,0.663417,0.345579,10.9
10,181,200,10,10,50.0,1234.08,MEDIUM,14.877456,6.83,13.39,22.316183,0.377578,0.408915,0.412546,0.398923,12.35
11,201,220,8,12,40.0,-404.59,MEDIUM,13.862649,7.50125,10.51,20.793974,0.385268,0.554208,0.564519,0.325869,9.8
12,221,240,7,13,35.0,-1310.26,LOW,11.622827,6.23375,24.885,17.434241,0.416585,0.469586,0.539188,0.342983,13.1
13,241,260,9,11,45.0,203.01,MEDIUM,10.028884,5.415,20.02,15.043326,0.404845,0.492785,0.363225,0.256048,11.35
14,261,280,8,12,40.0,-41.72,MEDIUM,8.692281,4.65375,21.395,13.038421,0.373511,0.575523,0.629378,0.342052,12.55
15,281,300,10,10,50.0,925.06,MEDIUM,16.309781,7.07875,11.565,24.464671,0.307944,0.571653,0.561607,0.650888,9.65
16,301,320,5,15,25.0,-1624.04,LOW,12.065466,5.80875,19.65,18.098199,0.348245,0.497582,0.516018,0.39694,12.35
17,321,340,10,10,50.0,1457.9,MEDIUM,13.658997,6.7725,15.79,20.488496,0.371237,0.554391,0.743067,0.272656,10.2
18,341,360,11,9,55.0,574.57,MEDIUM,6.489573,4.5125,31.21,9.73436,0.477695,0.529046,0.636362,0.19242,13.45
19,361,380,10,10,50.0,975.57,MEDIUM,10.978287,6.48625,12.475,16.467431,0.427406,0.506164,0.455537,0.238986,10.15
20,381,400,11,9,55.0,812.23,MEDIUM,10.384724,6.26375,20.785,15.577085,0.43362,0.435733,0.478527,0.42073,11.15
21,401,420,6,14,30.0,-1074.16,LOW,9.724383,5.59375,18.485,14.586574,0.410768,0.53052,0.51576,0.38692,11.05
22,421,440,9,11,45.0,29.37,MEDIUM,8.986018,5.71,17.525,13.479027,0.44247,0.606431,0.568532,0.308596,10.65
23,441,460,8,12,40.0,-270.26,MEDIUM,13.902802,6.90375,20.395,20.854204,0.348847,0.464045,0.45557,0.338854,13.9
24,461,480,11,9,55.0,1727.06,MEDIUM,11.50758,6.82875,13.945,17.261369,0.409287,0.552686,0.674831,0.29194,9.9
25,481,500,11,9,55.0,1774.34,MEDIUM,8.827483,5.17625,27.965,13.241225,0.436139,0.499126,0.417533,0.304173,11.2
26,501,520,6,14,30.0,-1508.42,LOW,13.284314,6.52125,12.775,19.926472,0.354132,0.453424,0.417462,0.286037,10.65
27,521,540,9,11,45.0,-47.36,MEDIUM,11.890343,6.34375,24.665,17.835515,0.377646,0.55116,0.659955,0.494226,13.05
28,541,560,6,14,30.0,-1366.86,LOW,10.003964,4.90875,19.12,15.005947,0.353549,0.570288,0.53264,0.331207,10.8
29,561,580,7,13,35.0,188.22,LOW,9.663764,5.77125,16.51,14.495646,0.45249,0.491349,0.519867,0.39995,10.65
30,581,600,4,16,20.0,-2252.61,LOW,10.615808,5.8,16.35,15.923712,0.385192,0.38256,0.440794,0.445596,11.45
31,601,620,11,9,55.0,1997.81,MEDIUM,13.328477,6.39,12.6,19.992715,0.32376,0.508897,0.46892,0.513965,10.35
32,621,640,9,11,45.0,-803.22,MEDIUM,21.617176,12.26375,8.795,32.425765,0.392446,0.522786,0.548177,0.348999,10.65
33,641,660,9,11,45.0,327.94,MEDIUM,21.287571,13.12,6.565,31.931357,0.428017,0.430466,0.294007,0.319636,11.55
34,661,680,10,10,50.0,1794.06,MEDIUM,20.179318,10.3525,10.155,30.268976,0.353822,0.515485,0.542916,0.418685,12.65
35,681,700,7,13,35.0,-722.73,LOW,18.059567,9.28375,11.395,27.089351,0.372107,0.584638,0.620219,0.438107,12.6
36,701,720,11,9,55.0,935.81,MEDIUM,14.42713,8.19375,13.42,21.640695,0.451314,0.414364,0.419241,0.302595,10.75
37,721,740,7,13,35.0,-1548.96,LOW,15.790284,7.16625,18.475,23.685426,0.355668,0.542448,0.601529,0.449998,12.4
38,741,760,6,14,30.0,-1878.78,LOW,18.682012,8.6275,12.17,28.023018,0.324541,0.572347,0.543217,0.31001,10.55
39,761,780,10,10,50.0,362.7,MEDIUM,12.279076,7.93875,12.5,18.418615,0.484263,0.406098,0.341914,0.198422,9.65
40,781,800,7,13,35.0,-1625.14,LOW,16.395227,9.14125,17.175,24.592841,0.414288,0.507068,0.536135,0.2295,12.35
41,801,820,12,8,60.0,3901.87,HIGH,17.162219,7.99,12.705,25.743328,0.324192,0.515596,0.439878,0.349018,10.55
42,821,840,7,13,35.0,-1193.54,LOW,16.612862,9.12125,11.65,24.919293,0.3846,0.538521,0.399515,0.594779,10.4
43,841,860,8,12,40.0,922.31,MEDIUM,21.383217,11.46625,9.945,32.074825,0.385091,0.560903,0.521005,0.308866,12.15
44,861,880,9,11,45.0,184.86,MEDIUM,19.461549,11.79375,11.935,29.192323,0.425461,0.399776,0.448299,0.260534,12.65
45,881,900,10,10,50.0,2733.69,MEDIUM,24.952947,11.8175,7.93,37.42942,0.371947,0.453081,0.61387,0.4101,9.55
46,901,920,9,11,45.0,856.78,MEDIUM,20.550704,10.615,13.055,30.826055,0.359002,0.450036,0.524788,0.325269,11.1
47,921,940,7,13,35.0,-1434.1,LOW,18.516045,8.7225,17.535,27.774067,0.337034,0.582504,0.562889,0.323525,12.3
48,941,960,10,10,50.0,262.85,MEDIUM,8.332628,7.15375,14.76,12.498942,0.570312,0.573302,0.55372,0.206776,11.0
49,961,980,11,9,55.0,887.64,MEDIUM,8.249972,5.17125,28.75,12.374958,0.438497,0.411257,0.454204,0.426045,11.75
50,981,1000,10,10,50.0,1233.65,MEDIUM,13.206837,6.5375,15.08,19.810256,0.356714,0.538491,0.456979,0.504737,10.35
51,1001,1020,9,11,45.0,180.06,MEDIUM,10.832838,5.91875,32.345,16.249257,0.423884,0.534036,0.516281,0.40983,12.75
52,1021,1040,6,14,30.0,-1976.07,LOW,15.468982,7.83625,9.285,23.203473,0.365886,0.444521,0.369094,0.334531,10.35
53,1041,1060,8,12,40.0,-493.58,MEDIUM,14.683306,7.7575,11.63,22.024958,0.379626,0.487237,0.546048,0.351194,10.4
54,1061,1080,4,16,20.0,-2806.28,LOW,14.113237,6.65125,14.355,21.169856,0.328937,0.485834,0.540126,0.384969,10.35
55,1081,1100,6,14,30.0,-1186.07,LOW,13.132889,6.575,14.095,19.699333,0.369772,0.518302,0.468988,0.356089,9.7
56,1101,1120,4,16,20.0,-1924.18,LOW,7.513259,4.855,26.065,11.269889,0.46268,0.518168,0.493214,0.334133,11.65
57,1121,1140,8,12,40.0,-87.11,MEDIUM,11.20427,5.605,16.435,16.806406,0.3548,0.402725,0.532777,0.399877,10.5
58,1141,1160,8,12,40.0,-105.52,MEDIUM,10.494532,5.5375,18.355,15.741799,0.379929,0.653026,0.745381,0.350447,12.05
59,1161,1180,10,10,50.0,465.32,MEDIUM,8.566762,5.96625,12.71,12.850143,0.501864,0.486895,0.474613,0.338707,9.45
60,1181,1200,9,11,45.0,640.7,MEDIUM,12.850249,9.64875,25.08,19.275373,0.491158,0.501234,0.475328,0.747477,13.2
61,1201,1220,11,9,55.0,3083.85,MEDIUM,21.644338,13.975,11.56,32.466507,0.439846,0.55512,0.448878,0.498243,14.35
62,1221,1240,10,10,50.0,369.0,MEDIUM,18.471449,10.11625,8.03,27.707174,0.412841,0.64442,0.546559,0.254235,9.6
63,1241,1260,8,12,40.0,179.73,MEDIUM,19.043384,7.6775,19.93,28.565076,0.312607,0.418405,0.303003,0.510558,12.65
64,1261,1280,9,11,45.0,55.69,MEDIUM,11.753741,8.03625,13.53,17.630611,0.48922,0.40473,0.392042,0.244739,9.8
65,1281,1300,10,10,50.0,737.48,MEDIUM,14.26022,7.865,14.91,21.39033,0.424803,0.494953,0.560268,0.333953,11.85
66,1301,1320,5,15,25.0,-2295.1,LOW,14.153614,6.72,13.51,21.230421,0.349348,0.584828,0.669567,0.28404,11.9
67,1321,1340,11,9,55.0,1626.05,MEDIUM,12.826013,7.4825,19.925,19.239019,0.396244,0.488033,0.506283,0.397992,11.2
68,1341,1360,12,8,60.0,3115.33,HIGH,13.79656,7.225,20.805,20.694841,0.412301,0.485063,0.492747,0.42082,11.9
69,1361,1380,7,13,35.0,-1127.29,LOW,13.303007,7.86125,14.24,19.954511,0.417152,0.583236,0.629881,0.279432,10.3
70,1381,1400,8,12,40.0,638.6,MEDIUM,14.969355,7.48375,16.61,22.454033,0.349626,0.424574,0.43746,0.383515,13.2
71,1401,1420,9,11,45.0,184.99,MEDIUM,16.301713,8.6975,11.86,24.452569,0.37277,0.407323,0.433634,0.362807,10.65
72,1421,1440,9,11,45.0,-592.9,MEDIUM,12.791826,8.8775,15.075,19.187738,0.489175,0.47193,0.52294,0.302971,10.85
73,1441,1460,9,11,45.0,416.31,MEDIUM,12.402949,5.815,22.77,18.604423,0.378024,0.429218,0.397823,0.271037,12.25
74,1461,1480,8,12,40.0,-1163.91,MEDIUM,18.552069,8.89375,6.525,27.828104,0.36213,0.417103,0.380069,0.27042,9.85
75,1481,1500,9,11,45.0,1116.31,MEDIUM,17.046345,10.54375,11.155,25.569517,0.420913,0.470807,0.458194,0.306925,11.15
76,1501,1520,6,14,30.0,-2227.53,LOW,22.514406,9.175,12.845,33.771609,0.300301,0.507458,0.439087,0.507839,12.1
77,1521,1540,7,13,35.0,-1896.22,LOW,19.970947,10.98875,7.23,29.956421,0.394201,0.474007,0.593375,0.357581,9.8
78,1541,1560,7,13,35.0,-1973.66,LOW,15.237505,7.86,11.04,22.856258,0.367444,0.530185,0.461911,0.25602,10.15
79,1561,1580,9,11,45.0,599.55,MEDIUM,11.866252,7.35625,12.375,17.799377,0.430824,0.514286,0.412378,0.23499,10.55
80,1581,1600,12,8,60.0,2980.48,HIGH,12.070929,6.03,20.71,18.106393,0.380084,0.541677,0.577231,0.287718,13.0
81,1601,1620,11,9,55.0,819.62,MEDIUM,9.430424,6.37,12.555,14.145637,0.461044,0.527587,0.418133,0.1893,11.4
82,1621,1640,7,13,35.0,-451.68,LOW,16.219401,7.39125,12.615,24.329101,0.360856,0.4476,0.399064,0.537814,10.45
83,1641,1660,9,11,45.0,511.65,MEDIUM,12.069291,7.1025,22.21,18.103936,0.419654,0.52805,0.661018,0.321987,13.1
84,1661,1680,4,16,20.0,-3923.37,LOW,14.53929,7.62625,18.61,21.808935,0.438113,0.398491,0.320351,0.237728,11.55
85,1681,1700,6,14,30.0,-2484.17,LOW,20.619634,10.5,4.985,30.929451,0.404419,0.489837,0.483848,0.257219,9.4
86,1701,1720,9,11,45.0,1000.84,MEDIUM,22.493733,10.39875,7.475,33.740599,0.326294,0.409815,0.56744,0.345399,10.2
87,1721,1740,7,13,35.0,-1357.78,LOW,18.691384,9.04375,13.545,28.037076,0.347615,0.50497,0.459458,0.363174,12.1
88,1741,1760,7,13,35.0,-1461.26,LOW,25.062204,9.7425,11.235,37.593306,0.275829,0.423689,0.367279,0.418362,11.7
89,1761,1780,8,12,40.0,-615.41,MEDIUM,20.488874,10.16375,14.58,30.733311,0.371873,0.558883,0.516713,0.347842,11.2
90,1781,1800,7,13,35.0,-1226.24,LOW,22.967773,10.6125,8.45,34.45166,0.365587,0.405183,0.417414,0.35042,10.45
91,1801,1820,10,10,50.0,936.3,MEDIUM,25.957087,14.36375,7.985,38.93563,0.398607,0.370524,0.509357,0.52161,10.1
92,1821,1840,11,9,55.0,2437.35,MEDIUM,15.804848,13.4025,11.38,23.707272,0.570194,0.427024,0.355085,0.18332,11.2
93,1841,1860,9,11,45.0,-712.65,MEDIUM,19.49815,13.785,15.905,29.247225,0.560689,0.438823,0.63469,0.285448,12.9
94,1861,1880,11,9,55.0,3101.76,MEDIUM,22.890056,13.025,16.255,34.335084,0.396848,0.38232,0.266728,0.450967,13.4
95,1881,1900,10,10,50.0,778.35,MEDIUM,13.184991,9.62375,8.295,19.777487,0.510194,0.412184,0.438867,0.142756,10.15
96,1901,1920,12,8,60.0,2737.3,HIGH,16.546025,12.12125,12.28,24.819038,0.524709,0.454219,0.480725,0.258708,11.25
97,1921,1940,12,8,60.0,3261.22,HIGH,22.177212,12.25125,14.245,33.265817,0.45148,0.51201,0.546668,0.450457,12.5
98,1941,1960,11,9,55.0,2695.6,MEDIUM,23.039718,12.50875,13.37,34.559577,0.370508,0.479007,0.559576,0.546986,12.35
99,1961,1980,5,15,25.0,-2509.75,LOW,18.793418,12.17375,7.05,28.190128,0.436421,0.574782,0.456763,0.336649,9.8
100,1981,2000,12,8,60.0,3705.72,HIGH,26.993455,14.9775,5.42,40.490182,0.393549,0.547959,0.5399,0.234008,11.45
101,2001,2020,10,10,50.0,3508.89,MEDIUM,29.755731,16.135,8.875,44.633596,0.398699,0.437829,0.364044,0.373532,12.8
102,2021,2040,12,8,60.0,5195.06,HIGH,26.436724,15.135,10.855,39.655085,0.385324,0.481636,0.487861,0.328007,12.45
103,2041,2060,12,8,60.0,7641.71,HIGH,34.353522,15.8,5.565,51.530283,0.325866,0.452898,0.334977,0.708443,9.3
104,2061,2080,5,15,25.0,-4982.98,LOW,28.349052,16.0325,9.08,42.523578,0.406128,0.484541,0.484376,0.444863,10.75
105,2081,2100,10,10,50.0,1628.21,MEDIUM,22.667665,14.22375,17.2,34.001498,0.453706,0.504933,0.593949,0.255331,12.45
106,2101,2120,12,8,60.0,5162.08,HIGH,24.275558,12.35,13.02,36.413337,0.379199,0.428236,0.293816,0.282683,11.15
107,2121,2140,10,10,50.0,2473.99,MEDIUM,19.386185,11.945,11.52,29.079278,0.430122,0.485307,0.689933,0.271729,10.05
108,2141,2160,8,12,40.0,-327.82,MEDIUM,10.345776,7.09375,22.65,15.518664,0.480418,0.484068,0.500767,0.212453,12.25
109,2161,2180,8,12,40.0,-514.47,MEDIUM,18.786128,8.54375,11.8,28.179192,0.368739,0.363209,0.36605,0.444621,11.05
110,2181,2200,16,4,80.0,6852.46,HIGH,21.863856,13.74125,10.345,32.795784,0.448392,0.445859,0.427915,0.439662,10.2
111,2201,2220,5,15,25.0,-3211.48,LOW,16.821209,8.21125,17.29,25.231814,0.357727,0.598628,0.63373,0.339272,11.6
112,2221,2240,8,12,40.0,-88.31,MEDIUM,16.538404,9.80375,12.285,24.807605,0.402683,0.489943,0.547461,0.50102,9.85
113,2241,2260,12,8,60.0,2413.11,HIGH,13.332584,6.98,24.71,19.998876,0.363383,0.532406,0.500178,0.515688,13.2
114,2261,2280,8,12,40.0,-497.43,MEDIUM,16.005234,8.1475,51.645,24.007851,0.362571,0.593944,0.686703,0.596495,11.0
115,2281,2300,7,13,35.0,-1748.21,LOW,15.607169,9.0275,11.265,23.410753,0.431413,0.510138,0.620428,0.408801,9.8
116,2301,2320,8,12,40.0,-748.48,MEDIUM,12.819455,8.67875,9.745,19.229182,0.500354,0.473716,0.428887,0.267307,9.6
117,2321,2340,9,11,45.0,398.94,MEDIUM,13.069041,7.885,11.08,19.603562,0.458652,0.474522,0.583691,0.271869,9.85
118,2341,2360,6,14,30.0,-716.25,LOW,16.235443,7.86625,19.74,24.353165,0.376239,0.598219,0.554561,0.354386,12.5
119,2361,2380,10,10,50.0,1695.97,MEDIUM,16.704821,13.51875,9.765,25.057231,0.562419,0.406094,0.319836,0.247485,9.2
120,2381,2400,8,12,40.0,-85.54,MEDIUM,16.050008,8.70875,14.18,24.075013,0.383894,0.456516,0.482974,0.500943,10.65
121,2401,2420,8,12,40.0,1410.44,MEDIUM,15.441177,7.33125,21.03,23.161765,0.394622,0.555501,0.582623,0.511637,11.55
122,2421,2440,9,11,45.0,-741.6,MEDIUM,14.436265,7.255,15.29,21.654397,0.380963,0.502755,0.55239,0.426053,10.75
123,2441,2460,9,11,45.0,-434.32,MEDIUM,18.113741,6.67375,19.11,27.170611,0.302537,0.497151,0.444674,0.459446,12.6
124,2461,2480,6,14,30.0,-1231.55,LOW,13.672532,6.865,20.175,20.508799,0.361465,0.449274,0.383197,0.370158,11.6
125,2481,2500,8,12,40.0,52.68,MEDIUM,12.310379,6.785,20.14,18.465568,0.384333,0.521445,0.549297,0.418625,11.45
126,2501,2520,10,10,50.0,392.71,MEDIUM,10.284271,6.60875,21.22,15.426407,0.44316,0.524281,0.516955,0.259157,11.45
127,2521,2540,10,10,50.0,-490.58,MEDIUM,10.944706,6.7075,26.21,16.41706,0.462547,0.429186,0.542967,0.349615,13.2
128,2541,2560,13,7,65.0,2541.76,HIGH,11.091143,7.53125,15.25,16.636714,0.461982,0.503309,0.492085,0.334345,9.7
129,2561,2580,10,10,50.0,703.33,MEDIUM,8.916093,4.7,23.935,13.374139,0.369485,0.501404,0.628112,0.419278,12.35
130,2581,2600,11,9,55.0,-111.91,MEDIUM,11.732198,6.2525,26.955,17.598297,0.411417,0.467795,0.426511,0.535105,11.9
131,2601,2620,9,11,45.0,875.65,MEDIUM,15.150012,6.7525,26.735,22.725018,0.323498,0.49649,0.548613,0.484539,11.65
132,2621,2640,12,8,60.0,20.09,HIGH,22.178256,10.07875,12.925,33.267385,0.391978,0.489798,0.47663,0.511644,14.45
133,2641,2660,4,16,20.0,-3806.63,LOW,17.839934,8.5225,7.055,26.7599,0.344754,0.401308,0.288622,0.282048,9.25
134,2661,2680,8,12,40.0,1.58,MEDIUM,20.655229,9.965,9.625,30.982843,0.340344,0.52343,0.479915,0.32662,10.85
